mayor	series	number	corpus_eo_ids	gpp_ids
Adams	EO	1	2022-EO-001	rr1720672,rr1720604
Adams	EO	2	2022-EO-002	9w032561m
Adams	EO	3	2022-EO-003	3b591c25v
Adams	EO	4	2022-EO-004	st74cs877
Adams	EO	5	2022-EO-005	gm80hx70d
Adams	EO	6	2022-EO-006	q524jr27j
Adams	EO	7	2022-EO-007	cc08hh83p
Adams	EO	8	2022-EO-008	k35696661
Adams	EO	9	2022-EO-009	rn3014389
Adams	EO	10	2022-EO-010	jm214r834
Adams	EO	11	2022-EO-011	xd07gw14v
Adams	EO	12	2022-EO-012	n296x176r
Adams	EO	13	2022-EO-013	6d570023t
Adams	EO	14	2022-EO-014	0k225d69x
Adams	EO	15	2022-EO-015	xs55mf90p
Adams	EO	16	2022-EO-016	3n2041749
Adams	EO	17	2022-EO-017	6w924f39s
Adams	EO	18	2022-EO-018	np193c94f
Adams	EO	19	2022-EO-019	5h73pz65d
Adams	EO	20	2022-EO-020	d504rp253
Adams	EO	21	2022-EO-021	w9505341r
Adams	EO	22	2022-EO-022	sx61dq02c
Adams	EO	23	2022-EO-023	4q77fv61d
Adams	EO	24	2023-EO-024	9p290d44p
Adams	EO	25	2023-EO-025	db78tf83h
Adams	EO	26	2023-EO-026	mw22v8413
Adams	EO	27	2023-EO-027	nc580q44f
Adams	EO	28	2023-EO-028	1v53k071k
Adams	EO	29	2023-EO-029	pc289n032
Adams	EO	30	2023-EO-030	8s45qc84w
Adams	EO	31	2023-EO-031	6d5700706
Adams	EO	32	2023-EO-032	wh246w470
Adams	EO	33	2023-EO-033	c821gn823
Adams	EO	34	2023-EO-034	rb68xg26v
Adams	EO	35	2023-EO-035	9z9032798
Adams	EO	36	2023-EO-036	p5547v22h
Adams	EO	37	2023-EO-037	w9505404t
Adams	EO	38	2023-EO-038	tt44pr216
Adams	EO	39	2024-EO-039	70795c035
Adams	EO	40	2024-EO-040	p2676z695
Adams	EO	41	2024-EO-041	tq57nv54h
Adams	EO	42	2024-EO-042	1544bs42b
Adams	EO	43	2024-EO-043	s4655m017
Adams	EO	44	2024-EO-044	s7526g816
Adams	EO	46	2025-EO-046	sq87bz27z
Adams	EO	47	2025-EO-047	0g354j904
Adams	EO	48	2025-EO-048	8049g914j
Adams	EO	49	2025-EO-049	dv13zz09r
Adams	EO	50	2025-EO-050	tb09j9524
Adams	EO	51	2025-EO-051	h128nj730
Adams	EO	52	2025-EO-052	4j03d363m
Adams	EO	53	2025-EO-053	4j03d403c
Adams	EO	54	2025-EO-054	2n49t629c
Adams	EO	55	2025-EO-055	8910k0369
Adams	EO	56	2025-EO-056	gt54ks53x
Adams	EO	57	2025-EO-057	1831cq59z
Adams	EO	58	2025-EO-058	c821gq817
Adams	EO	59	2025-EO-059	2v23w031w
Adams	EO	60	2025-EO-060	1n79h934k
Adams	EO	61	2025-EO-061	fb494f02q
Adams	EO	62	2025-EO-062	z029p970d
Adams	EO	63	2025-EO-063	db78th86r
Adams	EO	64	2025-EO-064	rr172326f
Adams	EEO	1	2022-EEO-1	9306t1647,3197xp634
Adams	EEO	2	2022-EEO-2	h702q890q
Adams	EEO	3	2022-EEO-3	gx41mm39x
Adams	EEO	4	2022-EEO-4	4t64gq958
Adams	EEO	5	2022-EEO-5	5q47rr42v
Adams	EEO	6	2022-EEO-6	000002479
Adams	EEO	7	2022-EEO-7	x059c9569
Adams	EEO	8	2022-EEO-8	m900nx003
Adams	EEO	9	2022-EEO-9	3197xp71t
Adams	EEO	10	2022-EEO-10	zw12z798s
Adams	EEO	11	2022-EEO-11	sj139466w
Adams	EEO	12	2022-EEO-12	qz20sv948
Adams	EEO	13	2022-EEO-13	xs55mf820
Adams	EEO	14	2022-EEO-14	ft848t056
Adams	EEO	15	2022-EEO-15	ks65hf62r
Adams	EEO	16	2022-EEO-16	r494vn90x
Adams	EEO	17	2022-EEO-17	7h149s26c
Adams	EEO	18	2022-EEO-18	gt54kq54s
Adams	EEO	19	2022-EEO-19	8623j142s
Adams	EEO	20	2022-EEO-20	8623j1432
Adams	EEO	21	2022-EEO-21	q811km76h
Adams	EEO	22	2022-EEO-22	bn999941g
Adams	EEO	23	2022-EEO-23	gf06g513q
Adams	EEO	24	2022-EEO-24	hx11xh809
Adams	EEO	25	2022-EEO-25	k643b411w
Adams	EEO	26	2022-EEO-26	44558g96q
Adams	EEO	27	2022-EEO-27	zw12z7992
Adams	EEO	28	2022-EEO-28	br86b631g
Adams	EEO	29	2022-EEO-29	ws859j37h
Adams	EEO	30	2022-EEO-30	6108vd86r
Adams	EEO	31	2022-EEO-31	gb19f8283
Adams	EEO	32	2022-EEO-32	9g54xm249
Adams	EEO	33	2022-EEO-33	wp988n62m
Adams	EEO	34	2022-EEO-34	ht24wn20t
Adams	EEO	35	2022-EEO-35	p8418q65b
Adams	EEO	36	2022-EEO-36	m900nx01c
Adams	EEO	37	2022-EEO-37	q524jr268
Adams	EEO	38	2022-EEO-38	2b88qf61q
Adams	EEO	39	2022-EEO-39	3197xp766
Adams	EEO	40	2022-EEO-40	rx913s40x
Adams	EEO	41	2022-EEO-41	8336h4354
Adams	EEO	42	2022-EEO-42	5h73pz57q
Adams	EEO	43	2022-EEO-43	cz30pw22g
Adams	EEO	44	2022-EEO-44	zg64tp24z
Adams	EEO	45	2022-EEO-45	1r66j3788
Adams	EEO	46	2022-EEO-46	6w924f34d
Adams	EEO	47	2022-EEO-47	qf85nd902
Adams	EEO	48	2022-EEO-48	j3860927p
Adams	EEO	49	2022-EEO-49	m326m4322
Adams	EEO	50	2022-EEO-50	79408074f
Adams	EEO	51	2022-EEO-51	v118rh06p
Adams	EEO	52	2022-EEO-52	ks65hf66v
Adams	EEO	53	2022-EEO-53	q524jr293
Adams	EEO	54	2022-EEO-54	m613n106p
Adams	EEO	55	2022-EEO-55	qf85nd92m
Adams	EEO	56	2022-EEO-56	k3569669v
Adams	EEO	57	2022-EEO-57	f4752j90z
Adams	EEO	58	2022-EEO-58	7w62fb873
Adams	EEO	59	2022-EEO-59	vx021h90f
Adams	EEO	60	2022-EEO-60	gt54kq60x
Adams	EEO	61	2022-EEO-61	6d570022j
Adams	EEO	62	2022-EEO-62	nk322g892
Adams	EEO	63	2022-EEO-63	v979v568f
Adams	EEO	64	2022-EEO-64	5m60qv71s
Adams	EEO	65	2022-EEO-65	ms35tc19b
Adams	EEO	66	2022-EEO-66	cj82k989s
Adams	EEO	67	2022-EEO-67	z603r100s
Adams	EEO	68	2022-EEO-68	8s45qc53w
Adams	EEO	69	2022-EEO-69	wd3760019
Adams	EEO	70	2022-EEO-70	bc386m85k
Adams	EEO	71	2022-EEO-71	6t053j63n
Adams	EEO	72	2022-EEO-72	mg74qp84n
Adams	EEO	73	2022-EEO-73	4j03d214g
Adams	EEO	77	2022-EEO-77	6682x634f
Adams	EEO	78	2022-EEO-78	73666740b
Adams	EEO	79	2022-EEO-79	dn39x4428
Adams	EEO	80	2022-EEO-80	tq57nt65t
Adams	EEO	81	2022-EEO-81	05741v263
Adams	EEO	82	2022-EEO-82	2514nn79f
Adams	EEO	83	2022-EEO-83	9k41zh36b
Adams	EEO	84	2022-EEO-84	jd473020r
Adams	EEO	85	2022-EEO-85	4t64gq983
Adams	EEO	86	2022-EEO-86	v405sd17f
Adams	EEO	87	2022-EEO-87	8049g797w
Adams	EEO	88	2022-EEO-88	pg15bh24v
Adams	EEO	89	2022-EEO-89	4m90dz383
Adams	EEO	90	2022-EEO-90	m900nx089
Adams	EEO	91	2022-EEO-91	4t64gq99c
Adams	EEO	92	2022-EEO-92	4b29b881v
Adams	EEO	93	2022-EEO-93	v118rh07z
Adams	EEO	94	2022-EEO-94	hm50tv81s
Adams	EEO	95	2022-EEO-95	ht24wn32m
Adams	EEO	96	2022-EEO-96	cj82k994n
Adams	EEO	97	2022-EEO-97	m039k748q
Adams	EEO	98	2022-EEO-98	4f16c556r
Adams	EEO	99	2022-EEO-99	rv042w941
Adams	EEO	100	2022-EEO-100	fj2364796
Adams	EEO	101	2022-EEO-101	zk51vk43d
Adams	EEO	102	2022-EEO-102	3t945t33m
Adams	EEO	103	2022-EEO-103	794080892
Adams	EEO	104	2022-EEO-104	np193c98j
Adams	EEO	105	2022-EEO-105	td96k504g
Adams	EEO	106	2022-EEO-106	zc77ss73n
Adams	EEO	107	2022-EEO-107	6682x640k
Adams	EEO	108	2022-EEO-108	dj52w728x
Adams	EEO	109	2022-EEO-109	5999n575b
Adams	EEO	110	2022-EEO-110	gm80hx80n
Adams	EEO	111	2022-EEO-111	dj52w732h
Adams	EEO	112	2022-EEO-112	2j62s7420
Adams	EEO	113	2022-EEO-113	37720g56b
Adams	EEO	114	2022-EEO-114	g158bm21c
Adams	EEO	115	2022-EEO-115	g732dc68j
Adams	EEO	116	2022-EEO-116	tb09j818m
Adams	EEO	117	2022-EEO-117	rv042x02h
Adams	EEO	118	2022-EEO-118	pc289m73j
Adams	EEO	119	2022-EEO-119	qn59q6892
Adams	EEO	120	2022-EEO-120	sf2687821
Adams	EEO	121	2022-EEO-121	pr76f599p
Adams	EEO	122	2022-EEO-122	st74ct05z
Adams	EEO	123	2022-EEO-123	c534fr63n
Adams	EEO	124	2022-EEO-124	9p290d29k
Adams	EEO	125	2022-EEO-125	0p0969528
Adams	EEO	127	2022-EEO-127	6395w984d
Adams	EEO	128	2022-EEO-128	pz50gz680
Adams	EEO	129	2022-EEO-129	00000267s
Adams	EEO	130	2022-EEO-130	1v53k056g
Adams	EEO	131	2022-EEO-131	tm70mx773
Adams	EEO	132	2022-EEO-132	bn999955t
Adams	EEO	133	2022-EEO-133	mw22v819k
Adams	EEO	134	2022-EEO-134	44558h12w
Adams	EEO	135	2022-EEO-135	zw12z8289
Adams	EEO	136	2022-EEO-136	0v8383416
Adams	EEO	137	2022-EEO-137	1831cn588
Adams	EEO	138	2022-EEO-138	dn39x456m,8910jx370
Adams	EEO	139	2022-EEO-139	08612r21z
Adams	EEO	140	2022-EEO-140	2v23vw96x
Adams	EEO	141	2022-EEO-141	9p290d30b
Adams	EEO	142	2022-EEO-142	j3860949q
Adams	EEO	143	2022-EEO-143	5q47rr63m
Adams	EEO	144	2022-EEO-144	xs55mg053
Adams	EEO	145	2022-EEO-145	4m90dz50c
Adams	EEO	146	2022-EEO-146	hx11xj01v
Adams	EEO	147	2022-EEO-147	vm40xv46z
Adams	EEO	148	2022-EEO-148	6t053j745
Adams	EEO	149	2022-EEO-149	jh343v909
Adams	EEO	154	2022-EEO-154	rx913s58c
Adams	EEO	155	2022-EEO-155	v118rh24m
Adams	EEO	156	2022-EEO-156	n009w526j
Adams	EEO	157	2022-EEO-157	gh93h237h
Adams	EEO	158	2022-EEO-158	p5547t938
Adams	EEO	159	2022-EEO-159	vh53wz844
Adams	EEO	160	2022-EEO-160	05741v441
Adams	EEO	161	2022-EEO-161	js956j49j
Adams	EEO	162	2022-EEO-162	8c97kt28h
Adams	EEO	163	2022-EEO-163	g732dc83n
Adams	EEO	165	2022-EEO-165	8910jx42v
Adams	EEO	166	2022-EEO-166	tm70mx837
Adams	EEO	167	2022-EEO-167	sb397c39q
Adams	EEO	168	2022-EEO-168	gb19f854q
Adams	EEO	169	2022-EEO-169	8910jx434
Adams	EEO	170	2022-EEO-170	7s75dg120
Adams	EEO	171	2022-EEO-171	2r36v158n
Adams	EEO	172	2022-EEO-172	1n79h698h
Adams	EEO	173	2022-EEO-173	xw42nb53s
Adams	EEO	174	2022-EEO-174	rr172096h
Adams	EEO	175	2022-EEO-175	dz010s77v
Adams	EEO	176	2022-EEO-176	4q77fv56j
Adams	EEO	177	2022-EEO-177	wd376025w
Adams	EEO	178	2022-EEO-178	4t64gr19n
Adams	EEO	179	2022-EEO-179	4t64gr20d
Adams	EEO	180	2022-EEO-180	sx61dq03n
Adams	EEO	181	2022-EEO-181	3197xp97z
Adams	EEO	182	2022-EEO-182	fx719q25x
Adams	EEO	183	2022-EEO-183	tb09j833q
Adams	EEO	184	2022-EEO-184	7h149s59x
Adams	EEO	185	2022-EEO-185	8s45qc70j
Adams	EEO	186	2022-EEO-186	dv13zw987
Adams	EEO	187	2022-EEO-187	x633f383p
Adams	EEO	188	2022-EEO-188	s1784p97m
Adams	EEO	189	2022-EEO-189	g732dc92m
Adams	EEO	194	2022-EEO-194	h415pc89q
Adams	EEO	195	2022-EEO-195	m613n1329
Adams	EEO	196	2022-EEO-196	4m90dz58k
Adams	EEO	197	2022-EEO-197	0v8383530
Adams	EEO	198	2022-EEO-198	x059c981n
Adams	EEO	199	2022-EEO-199	0p096967w
Adams	EEO	200	2022-EEO-200	xd07gw286
Adams	EEO	201	2022-EEO-201	q811kn04g
Adams	EEO	202	2022-EEO-202	b5644v41z
Adams	EEO	203	2022-EEO-203	h415pc90g
Adams	EEO	204	2022-EEO-204	xw42nb57w
Adams	EEO	205	2022-EEO-205	2514np039
Adams	EEO	206	2022-EEO-206	ks65hf895
Adams	EEO	207	2022-EEO-207	x346d699b
Adams	EEO	208	2022-EEO-208	c534fr699
Adams	EEO	209	2022-EEO-209	js956j577
Adams	EEO	210	2022-EEO-210	9880vv11p
Adams	EEO	211	2022-EEO-211	qr46r374p
Adams	EEO	212	2022-EEO-212	hm50tv98z
Adams	EEO	213	2022-EEO-213	4m90dz60m
Adams	EEO	214	2022-EEO-214	3b591c574
Adams	EEO	215	2022-EEO-215	ff365830q
Adams	EEO	216	2022-EEO-216	sf2687996
Adams	EEO	217	2022-EEO-217	vq27zr171
Adams	EEO	218	2022-EEO-218	h128nh60q
Adams	EEO	219	2022-EEO-219	fj236504b
Adams	EEO	220	2022-EEO-220	000002771,08612r30x
Adams	EEO	221	2022-EEO-221	2801pk29p
Adams	EEO	222	2022-EEO-222	mp48sg81k
Adams	EEO	223	2022-EEO-223	ws859j609
Adams	EEO	224	2022-EEO-224	bz60d024j
Adams	EEO	225	2022-EEO-225	tq57nt905
Adams	EEO	226	2022-EEO-226	47429d477
Adams	EEO	227	2022-EEO-227	rr1720982
Adams	EEO	228	2022-EEO-228	ns064884f
Adams	EEO	229	2022-EEO-229	zk51vk581
Adams	EEO	230	2022-EEO-230	3197xq01b
Adams	EEO	231	2022-EEO-231	8910jx46z
Adams	EEO	236	2022-EEO-236	t722hc760
Adams	EEO	237	2022-EEO-237	1831cn66z
Adams	EEO	238	2022-EEO-238	mk61rm01b
Adams	EEO	239	2022-EEO-239	kh04ds68n
Adams	EEO	240	2022-EEO-240	pn89d903t
Adams	EEO	241	2022-EEO-241	8910jx48h
Adams	EEO	242	2022-EEO-242	xw42nb606
Adams	EEO	243	2022-EEO-243	sj139502j
Adams	EEO	244	2022-EEO-244	ff365833j
Adams	EEO	245	2022-EEO-245	t148fk90b
Adams	EEO	246	2022-EEO-246	5h73pz865
Adams	EEO	247	2022-EEO-247	4b29b911c
Adams	EEO	248	2022-EEO-248	3n204196b
Adams	EEO	249	2022-EEO-249	kd17cw69p
Adams	EEO	250	2022-EEO-250	v118rh354
Adams	EEO	251	2022-EEO-251	5h73pz88q
Adams	EEO	252	2022-EEO-252	vh53wz933
Adams	EEO	253	2022-EEO-253	1544br78h
Adams	EEO	254	2022-EEO-254	4q77fv647
Adams	EEO	255	2022-EEO-255	8p58ph013
Adams	EEO	256	2022-EEO-256	1c18dj18t
Adams	EEO	257	2022-EEO-257	5t34sn555
Adams	EEO	267	2022-EEO-267	2801pk34j
Adams	EEO	274	2022-EEO-274	8049g820g
Adams	EEO	275	2022-EEO-275	xp68kk13j
Adams	EEO	276	2022-EEO-276	ht24wn63m
Adams	EEO	277	2022-EEO-277	2v23vx123
Adams	EEO	278	2022-EEO-278	cf95jf39j
Adams	EEO	279	2022-EEO-279	x633f3946
Adams	EEO	280	2022-EEO-280	js956j63c
Adams	EEO	281	2022-EEO-281	p2676z296
Adams	EEO	283	2022-EEO-283	kd17cw78n
Adams	EEO	284	2022-EEO-284	6t053j877
Adams	EEO	285	2022-EEO-285	ht24wn655
Adams	EEO	291	2022-EEO-291	pn89d9107
Adams	EEO	292	2022-EEO-292	tb09j843z
Adams	EEO	293	2022-EEO-293	dn39x475t
Adams	EEO	294	2022-EEO-294	k930c082w
Adams	EEO	295	2022-EEO-295	g732dd06r
Adams	EEO	296	2022-EEO-296	fn107189p
Adams	EEO	297	2022-EEO-297	w9505366m
Adams	EEO	298	2022-EEO-298	1j92gb24d
Adams	EEO	299	2022-EEO-299	v118rh46n
Adams	EEO	300	2022-EEO-300	jh343w14p
Adams	EEO	301	2022-EEO-301	9k41zh68m
Adams	EEO	302	2023-EEO-302	8336h469z
Adams	EEO	303	2023-EEO-303	sb397c57n
Adams	EEO	304	2023-EEO-304	mp48sg923
Adams	EEO	305	2023-EEO-305	b8515r38w
Adams	EEO	306	2023-EEO-306	2v23vx17g
Adams	EEO	307	2023-EEO-307	9s1618892
Adams	EEO	308	2023-EEO-308	sx61dq15f
Adams	EEO	309	2023-EEO-309	hq37vr577
Adams	EEO	310	2023-EEO-310	h128nh717
Adams	EEO	311	2023-EEO-311	sn00b168p
Adams	EEO	312	2023-EEO-312	dv13zx109
Adams	EEO	313	2023-EEO-313	8910jx58r
Adams	EEO	314	2023-EEO-314	ws859j69s
Adams	EEO	315	2023-EEO-315	b5644v53r
Adams	EEO	316	2023-EEO-316	c534fr834
Adams	EEO	317	2023-EEO-317	zc77st01m
Adams	EEO	318	2023-EEO-318	2j62s772q
Adams	EEO	319	2023-EEO-319	5m60qw019
Adams	EEO	320	2023-EEO-320	k643b439k
Adams	EEO	321	2023-EEO-321	6q182p05q
Adams	EEO	322	2023-EEO-322	9880vv23g
Adams	EEO	323	2023-EEO-323	hh63sz94m
Adams	EEO	324	2023-EEO-324	g732dd089
Adams	EEO	325	2023-EEO-325	5425kd84s
Adams	EEO	326	2023-EEO-326	0r967675s
Adams	EEO	327	2023-EEO-327	6m311s25p
Adams	EEO	328	2023-EEO-328	3n204204t
Adams	EEO	329	2023-EEO-329	cz30pw51x
Adams	EEO	330	2023-EEO-330	gh93h2609
Adams	EEO	331	2023-EEO-331	df65vb82g
Adams	EEO	332	2023-EEO-332	5m60qw02k
Adams	EEO	333	2023-EEO-333	tx31qm75j
Adams	EEO	334	2023-EEO-334	m039k784k
Adams	EEO	335	2023-EEO-335	pv63g3217
Adams	EEO	336	2023-EEO-336	fn107197c
Adams	EEO	337	2023-EEO-337	9k41zh74r
Adams	EEO	338	2023-EEO-338	vq27zr33d
Adams	EEO	339	2023-EEO-339	nk322h30k
Adams	EEO	340	2023-EEO-340	v118rh56w
Adams	EEO	341	2023-EEO-341	02870z90w
Adams	EEO	342	2023-EEO-342	9w0326046
Adams	EEO	343	2023-EEO-343	76537430b
Adams	EEO	344	2023-EEO-344	gq67jv16b
Adams	EEO	345	2023-EEO-345	9019s5468
Adams	EEO	346	2023-EEO-346	6108vf22d
Adams	EEO	347	2023-EEO-347	4q77fv71n
Adams	EEO	348	2023-EEO-348	h415pd065
Adams	EEO	349	2023-EEO-349	cj82kb199
Adams	EEO	350	2023-EEO-350	m039k785v
Adams	EEO	351	2023-EEO-351	gx41mm88v
Adams	EEO	352	2023-EEO-352	4x51hm904
Adams	EEO	353	2023-EEO-353	j96023542
Adams	EEO	354	2023-EEO-354	fq977x822
Adams	EEO	355	2023-EEO-355	ks65hg106
Adams	EEO	356	2023-EEO-356	tx31qm773
Adams	EEO	357	2023-EEO-357	0v838373g
Adams	EEO	358	2023-EEO-358	tx31qm78c
Adams	EEO	359	2023-EEO-359	nz8062634
Adams	EEO	360	2023-EEO-360	sq87bx51t
Adams	EEO	361	2023-EEO-361	hd76s318x
Adams	EEO	362	2023-EEO-362	jw827f57g
Adams	EEO	363	2023-EEO-363	cf95jf49s
Adams	EEO	364	2023-EEO-364	47429d73v
Adams	EEO	365	2023-EEO-365	qn59q7235
Adams	EEO	366	2023-EEO-366	c821gn78h
Adams	EEO	367	2023-EEO-367	kk91fp48c
Adams	EEO	368	2023-EEO-368	rr172115h
Adams	EEO	369	2023-EEO-369	z316q4821
Adams	EEO	370	2023-EEO-370	7w62fc305
Adams	EEO	371	2023-EEO-371	4m90dz79b
Adams	EEO	372	2023-EEO-372	76537434f
Adams	EEO	373	2023-EEO-373	rr172116s
Adams	EEO	374	2023-EEO-374	j3860976m
Adams	EEO	375	2023-EEO-375	bk128d916
Adams	EEO	376	2023-EEO-376	xs55mg38n
Adams	EEO	377	2023-EEO-377	8p58ph209
Adams	EEO	378	2023-EEO-378	hq37vr65x
Adams	EEO	379	2023-EEO-379	9306t2015
Adams	EEO	380	2023-EEO-380	76537438j
Adams	EEO	381	2023-EEO-381	fq977x865
Adams	EEO	382	2023-EEO-382	f7623g72g
Adams	EEO	383	2023-EEO-383	j098zf402
Adams	EEO	384	2023-EEO-384	pk02cf10z
Adams	EEO	385	2023-EEO-385	jq085p071
Adams	EEO	386	2023-EEO-386	b8515r47v
Adams	EEO	387	2023-EEO-387	p2676z37w
Adams	EEO	388	2023-EEO-388	f1881p86b
Adams	EEO	389	2023-EEO-389	zw12z8581
Adams	EEO	390	2023-EEO-390	4x51hm93z
Adams	EEO	391	2023-EEO-391	7h149s81f
Adams	EEO	392	2023-EEO-392	n583xx616
Adams	EEO	393	2023-EEO-393	cj82kb22m
Adams	EEO	394	2023-EEO-394	np193d282
Adams	EEO	395	2023-EEO-395	2z10wt066
Adams	EEO	396	2023-EEO-396	b8515r49d
Adams	EEO	397	2023-EEO-397	k643b4460
Adams	EEO	398	2023-EEO-398	r207ts31r
Adams	EEO	399	2023-EEO-399	mp48sh03d
Adams	EEO	400	2023-EEO-400	kp78gk28d
Adams	EEO	401	2023-EEO-401	bg257h774
Adams	EEO	402	2023-EEO-402	76537441v
Adams	EEO	403	2023-EEO-403	47429d744
Adams	EEO	404	2023-EEO-404	jm214s35p
Adams	EEO	405	2023-EEO-405	mc87pt156
Adams	EEO	406	2023-EEO-406	bn999990d
Adams	EEO	407	2023-EEO-407	vm40xv79h
Adams	EEO	408	2023-EEO-408	th83m269j
Adams	EEO	409	2023-EEO-409	5m60qw108
Adams	EEO	410	2023-EEO-410	z316q4864
Adams	EEO	411	2023-EEO-411	3b591c727
Adams	EEO	412	2023-EEO-412	zg64tp82v
Adams	EEO	413	2023-EEO-413	x633f410c
Adams	EEO	414	2023-EEO-414	qr46r391b
Adams	EEO	415	2023-EEO-415	2801pk53r
Adams	EEO	416	2023-EEO-416	8w32r8509
Adams	EEO	417	2023-EEO-417	08612r58m
Adams	EEO	418	2023-EEO-418	bk128d99d
Adams	EEO	419	2023-EEO-419	8k71nm04d
Adams	EEO	420	2023-EEO-420	jq085p14f
Adams	EEO	421	2023-EEO-421	b2773z66k
Adams	EEO	422	2023-EEO-422	zc77st11v
Adams	EEO	423	2023-EEO-423	5999n6196
Adams	EEO	424	2023-EEO-424	bk128f00z
Adams	EEO	425	2023-EEO-425	d217qs46m
Adams	EEO	426	2023-EEO-426	b8515r530
Adams	EEO	427	2023-EEO-427	zp38wg67h
Adams	EEO	428	2023-EEO-428	kk91fp537
Adams	EEO	429	2023-EEO-429	nc580q50k
Adams	EEO	430	2023-EEO-430	fn107205v
Adams	EEO	431	2023-EEO-431	1z40kx11d
Adams	EEO	432	2023-EEO-432	cz30pw63q
Adams	EEO	433	2023-EEO-433	bv73c346b
Adams	EEO	434	2023-EEO-434	5138jh66m
Adams	EEO	435	2023-EEO-435	wp988p081
Adams	EEO	436	2023-EEO-436	2v23vx32k
Adams	EEO	437	2023-EEO-437	3197xq223
Adams	EEO	438	2023-EEO-438	sx61dq323
Adams	EEO	439	2023-EEO-439	41687m56q
Adams	EEO	440	2023-EEO-440	g445ch28j
Adams	EEO	441	2023-EEO-441	s1784q29p
Adams	EEO	442	2023-EEO-442	47429d833
Adams	EEO	443	2023-EEO-443	fb494c17x
Adams	EEO	444	2023-EEO-444	1z40kx147
Adams	EEO	445	2023-EEO-445	5q47rr93b
Adams	EEO	446	2023-EEO-446	zw12z866q
Adams	EEO	447	2023-EEO-447	rr172125r
Adams	EEO	448	2023-EEO-448	79408124f
Adams	EEO	449	2023-EEO-449	6t053k113
Adams	EEO	450	2023-EEO-450	1r66j4288
Adams	EEO	451	2023-EEO-451	j96023674
Adams	EEO	452	2023-EEO-452	rf55zb77c
Adams	EEO	453	2023-EEO-453	5999n6217
Adams	EEO	454	2023-EEO-454	hd76s3285
Adams	EEO	455	2023-EEO-455	fb494c22s
Adams	EEO	456	2023-EEO-456	tx31qm969
Adams	EEO	457	2023-EEO-457	fn107208p
Adams	EEO	458	2023-EEO-458	nv935585x
Adams	EEO	465	2023-EEO-465	ms35tc709
Adams	EEO	466	2023-EEO-466	sj1395328
Adams	EEO	467	2023-EEO-467	jq085p21v
Adams	EEO	468	2023-EEO-468	r781wj98c
Adams	EEO	469	2023-EEO-469	zg64tp991
Adams	EEO	470	2023-EEO-470	nz806274n
Adams	EEO	472	2023-EEO-472	cc08hj34z
Adams	EEO	473	2023-EEO-473	g158bm599
Adams	EEO	474	2023-EEO-474	zg64tq00k
Adams	EEO	475	2023-EEO-475	2n49t459p
Adams	EEO	476	2023-EEO-476	7s75dg473
Adams	EEO	477	2023-EEO-477	tb09j864q
Adams	EEO	478	2023-EEO-478	n009w5568
Adams	EEO	479	2023-EEO-479	7d278x316
Adams	EEO	480	2023-EEO-480	8w32r859s
Adams	EEO	481	2023-EEO-481	7h149s937
Adams	EEO	482	2023-EEO-482	np193d41m
Adams	EEO	483	2023-EEO-483	wd376060g
Adams	EEO	484	2023-EEO-484	pg15bh91q
Adams	EEO	485	2023-EEO-485	xp68kk45t
Adams	EEO	486	2023-EEO-486	ns064929k
Adams	EEO	487	2023-EEO-487	pr76f6431
Adams	EEO	488	2023-EEO-488	5138jh79p
Adams	EEO	489	2023-EEO-489	hm50tw30h
Adams	EEO	490	2023-EEO-490	qr46r406r
Adams	EEO	491	2023-EEO-491	fb494c321
Adams	EEO	492	2023-EEO-492	6108vf389
Adams	EEO	493	2023-EEO-493	hq37vr819
Adams	EEO	495	2023-EEO-495	5m60qw222
Adams	EEO	496	2023-EEO-496	d791sk08n
Adams	EEO	497	2023-EEO-497	8w32r864n
Adams	EEO	498	2023-EEO-498	2v23vx44c
Adams	EEO	499	2023-EEO-499	nz8062812
Adams	EEO	500	2023-EEO-500	s1784q452
Adams	EEO	501	2023-EEO-501	x920g0889
Adams	EEO	502	2023-EEO-502	6m311s52k
Adams	EEO	503	2023-EEO-503	0p096b08x
Adams	EEO	504	2023-EEO-504	pz50h0206
Adams	EEO	505	2023-EEO-505	zk51vm013
Adams	EEO	506	2023-EEO-506	zk51vm02c
Adams	EEO	507	2023-EEO-507	vh53x020z
Adams	EEO	508	2023-EEO-508	h702q953s
Adams	EEO	509	2023-EEO-509	jh343w46z
Adams	EEO	510	2023-EEO-510	6682x685x
Adams	EEO	511	2023-EEO-511	9w032632c
Adams	EEO	512	2023-EEO-512	hx11xj45x
Adams	EEO	513	2023-EEO-513	j9602381z
Adams	EEO	514	2023-EEO-514	tt44pr17m
Adams	EEO	515	2023-EEO-515	pv63g351z
Adams	EEO	516	2023-EEO-516	dv13zx444
Adams	EEO	517	2023-EEO-517	v979v6239
Adams	EEO	518	2023-EEO-518	x059cb23z
Adams	EEO	519	2023-EEO-519	0p096b10z
Adams	EEO	520	2023-EEO-520	kk91fp72f
Adams	EEO	521	2023-EEO-521	05741v883
Adams	EEO	522	2023-EEO-522	m613n182h
Adams	EEO	523	2023-EEO-523	1831cp002
Adams	EEO	524	2023-EEO-524	2r36v210p
Adams	EEO	525	2023-EEO-525	41687m75x
Adams	EEO	527	2023-EEO-527	m039k812j
Adams	EEO	528	2023-EEO-528	z029p782s
Adams	EEO	529	2023-EEO-529	7s75dg58m
Adams	EEO	530	2023-EEO-530	5712m9795
Adams	EEO	531	2023-EEO-531	fb494c428
Adams	EEO	532	2023-EEO-532	mk61rm42k
Adams	EEO	533	2023-EEO-533	pr76f657c
Adams	EEO	535	2023-EEO-535	2z10wt25d
Adams	EEO	536	2023-EEO-536	b5644v940
Adams	EEO	537	2023-EEO-537	6969z4302
Adams	EEO	538	2023-EEO-538	xw42nc05b
Adams	EEO	541	2024-EEO-541	zp38wg888
Adams	EEO	542	2024-EEO-542	4q77fw03q
Adams	EEO	543	2024-EEO-543	8w32r873m
Adams	EEO	544	2024-EEO-544	8s45qd18h
Adams	EEO	545	2024-EEO-545	1n79h742v
Adams	EEO	546	2024-EEO-546	x633f436h
Adams	EEO	547	2024-EEO-547	q524jr89j
Adams	EEO	548	2024-EEO-548	k930c117s
Adams	EEO	549	2024-EEO-549	w6634681g
Adams	EEO	550	2024-EEO-550	cz30pw879
Adams	EEO	551	2024-EEO-551	h989r6520
Adams	EEO	552	2024-EEO-552	f7623h063
Adams	EEO	553	2024-EEO-553	v692t956b
Adams	EEO	554	2024-EEO-554	mw22v875x
Adams	EEO	555	2024-EEO-555	h128nj05v
Adams	EEO	556	2024-EEO-556	7d278x45j
Adams	EEO	557	2024-EEO-557	6969z4345
Adams	EEO	558	2024-EEO-558	z316q507p
Adams	EEO	561	2024-EEO-561	wh246w74w
Adams	EEO	562	2024-EEO-562	bc386n47c
Adams	EEO	563	2024-EEO-563	9c67wr26t
Adams	EEO	564	2024-EEO-564	4q77fw09c
Adams	EEO	565	2024-EEO-565	0v838409n
Adams	EEO	566	2024-EEO-566	vm40xw05x
Adams	EEO	567	2024-EEO-567	tm70mz362
Adams	EEO	568	2024-EEO-568	nc580q79j
Adams	EEO	569	2024-EEO-569	x633f443x
Adams	EEO	570	2024-EEO-570	gx41mn394
Adams	EEO	571	2024-EEO-571	2v23vx63k
Adams	EEO	572	2024-EEO-572	xk81jp751
Adams	EEO	573	2024-EEO-573	gm80hz572
Adams	EEO	574	2024-EEO-574	08612r92x
Adams	EEO	575	2024-EEO-575	vd66w3449
Adams	EEO	576	2024-EEO-576	tx31qn25j
Adams	EEO	577	2024-EEO-577	xg94hs79w
Adams	EEO	578	2024-EEO-578	12579w954
Adams	EEO	579	2024-EEO-579	tx31qn31p
Adams	EEO	580	2024-EEO-580	vh53x0420
Adams	EEO	581	2024-EEO-581	2j62s817v
Adams	EEO	582	2024-EEO-582	0p096b21g
Adams	EEO	583	2024-EEO-583	s1784q648
Adams	EEO	584	2024-EEO-584	v979v645b
Adams	EEO	585	2024-EEO-585	mg74qq88z
Adams	EEO	586	2024-EEO-586	8049g8752
Adams	EEO	587	2024-EEO-587	vd66w3563
Adams	EEO	588	2024-EEO-588	vx021j773
Adams	EEO	589	2024-EEO-589	37720h31p
Adams	EEO	590	2024-EEO-590	gh93h324n
Adams	EEO	591	2024-EEO-591	f4752k82g
Adams	EEO	592	2024-EEO-592	5d86p362q
Adams	EEO	593	2024-EEO-593	m039k839z
Adams	EEO	594	2024-EEO-594	gm80hz68k
Adams	EEO	595	2024-EEO-595	cc08hj667
Adams	EEO	596	2024-EEO-596	bz60d099m
Adams	EEO	597	2024-EEO-597	5138jj117
Adams	EEO	598	2024-EEO-598	0g354j58c
Adams	EEO	599	2024-EEO-599	5m60qw507
Adams	EEO	600	2024-EEO-600	cv43p1334
Adams	EEO	601	2024-EEO-601	kp78gk74h
Adams	EEO	602	2024-EEO-602	qn59q766z
Adams	EEO	603	2024-EEO-603	qz20sw715
Adams	EEO	604	2024-EEO-604	b2774025q
Adams	EEO	605	2024-EEO-605	0v838430w
Adams	EEO	606	2024-EEO-606	st74ct80h
Adams	EEO	607	2024-EEO-607	zp38wh13d
Adams	EEO	608	2024-EEO-608	5h73q0441
Adams	EEO	609	2024-EEO-609	d791sk40d
Adams	EEO	610	2024-EEO-610	1831cp27g
Adams	EEO	611	2024-EEO-611	5t34sp15d
Adams	EEO	612	2024-EEO-612	w3763b66b
Adams	EEO	613	2024-EEO-613	db78tg27c
Adams	EEO	614	2024-EEO-614	tb09j9125
Adams	EEO	615	2024-EEO-615	4b29b9766
Adams	EEO	616	2024-EEO-616	js956k387
Adams	EEO	617	2024-EEO-617	vh53x0595
Adams	EEO	618	2024-EEO-618	k3569770t
Adams	EEO	619	2024-EEO-619	fb494c606
Adams	EEO	620	2024-EEO-620	4t64gr768
Adams	EEO	621	2024-EEO-621	rb68xg584
Adams	EEO	622	2024-EEO-622	v118rj10g
Adams	EEO	623	2024-EEO-623	1n79h7787
Adams	EEO	624	2024-EEO-624	zw12z912m
Adams	EEO	625	2024-EEO-625	xk81jp95h
Adams	EEO	627	2024-EEO-627	3r074z19s
Adams	EEO	628	2024-EEO-628	x633f4667
Adams	EEO	629	2024-EEO-629	s1784q75s
Adams	EEO	630	2024-EEO-630	k3569772c
Adams	EEO	631	2024-EEO-631	8c97kv05d
Adams	EEO	632	2024-EEO-632	rr172175z
Adams	EEO	633	2024-EEO-633	5t34sp21j
Adams	EEO	634	2024-EEO-634	p5547v659
Adams	EEO	635	2024-EEO-635	h702q997v
Adams	EEO	636	2024-EEO-636	4m90f062j
Adams	EEO	637	2024-EEO-637	b2774034p
Adams	EEO	638	2024-EEO-638	jh343w88g
Adams	EEO	639	2024-EEO-639	cj82kb78g
Adams	EEO	640	2024-EEO-640	b27740367
Adams	EEO	641	2024-EEO-641	5d86p380n
Adams	EEO	642	2024-EEO-642	j098zg077
Adams	EEO	643	2024-EEO-643	z603r1985
Adams	EEO	644	2024-EEO-644	765374912
Adams	EEO	645	2024-EEO-645	pn89d978w
Adams	EEO	646	2024-EEO-646	7h149t526
Adams	EEO	647	2024-EEO-647	q811kn82v
Adams	EEO	648	2024-EEO-648	hq37vs319
Adams	EEO	649	2024-EEO-649	k3569777r
Adams	EEO	650	2024-EEO-650	2227mt305
Adams	EEO	651	2024-EEO-651	dj52w809x
Adams	EEO	652	2024-EEO-652	zs25xd12c
Adams	EEO	653	2024-EEO-653	pn89d9795
Adams	EEO	654	2024-EEO-654	d217qt049
Adams	EEO	655	2024-EEO-655	hd76s379n
Adams	EEO	656	2024-EEO-656	pc289n627
Adams	EEO	657	2024-EEO-657	kp78gk88v
Adams	EEO	658	2024-EEO-658	nv9356323
Adams	EEO	659	2024-EEO-659	v692t994r
Adams	EEO	660	2024-EEO-660	02871045f
Adams	EEO	661	2024-EEO-661	5d86p383g
Adams	EEO	662	2024-EEO-662	xp68kk91x
Adams	EEO	663	2024-EEO-663	db78tg352
Adams	EEO	664	2024-EEO-664	td96k617r
Adams	EEO	665	2024-EEO-665	nc580r10t
Adams	EEO	666	2024-EEO-666	1544bs59h
Adams	EEO	667	2024-EEO-667	0z709083z
Adams	EEO	668	2024-EEO-668	dz010t62f
Adams	EEO	669	2024-EEO-669	xw42nc47v
Adams	EEO	670	2024-EEO-670	hh63t0630
Adams	EEO	671	2024-EEO-671	r494vq01f
Adams	EEO	672	2024-EEO-672	db78tg37m
Adams	EEO	673	2024-EEO-673	h128nj39p
Adams	EEO	674	2024-EEO-674	f4752m031
Adams	EEO	675	2024-EEO-675	f7623h330
Adams	EEO	676	2024-EEO-676	1v53k130j
Adams	EEO	677	2024-EEO-677	wh246x034
Adams	EEO	678	2024-EEO-678	4f16c663c
Adams	EEO	679	2024-EEO-679	vx021k00p
Adams	EEO	680	2024-EEO-680	37720h583
Adams	EEO	681	2024-EEO-681	ks65hg769
Adams	EEO	682	2024-EEO-682	pz50h071p
Adams	EEO	683	2024-EEO-683	td96k6202
Adams	EEO	684	2024-EEO-684	h989r694h
Adams	EEO	685	2024-EEO-685	cn69m772b
Adams	EEO	686	2024-EEO-686	8c97kv16x
Adams	EEO	687	2024-EEO-687	6w924g43k
Adams	EEO	688	2024-EEO-688	w9505465j
Adams	EEO	689	2024-EEO-689	7s75dg92x
Adams	EEO	690	2024-EEO-690	2n49t518n
Adams	EEO	691	2024-EEO-691	ff3659295
Adams	EEO	692	2024-EEO-692	k3569786q
Adams	EEO	693	2024-EEO-693	2801pm369
Adams	EEO	694	2024-EEO-694	zk51vm498
Adams	EEO	695	2024-EEO-695	bk128f64h
Adams	EEO	696	2024-EEO-696	hh63t068c
Adams	EEO	697	2024-EEO-697	5712mb27m
Adams	EEO	698	2024-EEO-698	hm50tw86c
Adams	EEO	699	2024-EEO-699	9880vv99t
Adams	EEO	700	2024-EEO-700	p5547v837
Adams	EEO	703	2024-EEO-703	bv73c424h
Adams	EEO	710	2024-EEO-710	pv63g3951
Adams	EEO	711	2024-EEO-711	4m90f081r
Adams	EEO	712	2024-EEO-712	2v23vz090
Adams	EEO	713	2024-EEO-713	4f16c670s
Adams	EEO	714	2024-EEO-714	p5547v91x
Adams	EEO	715	2024-EEO-715	1544bs68g
Adams	EEO	716	2024-EEO-716	j3860b47c
Adams	EEO	717	2024-EEO-717	jd4731331
Adams	EEO	718	2024-EEO-718	pv63g398v
Adams	EEO	719	2024-EEO-719	2514np85s
Adams	EEO	720	2025-EEO-720	st74cv080
Adams	EEO	721	2025-EEO-721	qr46r4623
Adams	EEO	722	2025-EEO-722	0c483p415
Adams	EEO	723	2025-EEO-723	8w32r9255
Adams	EEO	724	2025-EEO-724	g445cj177
Adams	EEO	725	2025-EEO-725	rj430827r
Adams	EEO	726	2025-EEO-726	d504rq38c
Adams	EEO	727	2025-EEO-727	2v23vz16d
Adams	EEO	728	2025-EEO-728	np193d97g
Adams	EEO	729	2025-EEO-729	wh246x17g
Adams	EEO	730	2025-EEO-730	dj52w832q
Adams	EEO	731	2025-EEO-731	mw22v916z
Adams	EEO	732	2025-EEO-732	ns064994w
Adams	EEO	733	2025-EEO-733	2b88qg91n
Adams	EEO	734	2025-EEO-734	9s161966z
Adams	EEO	735	2025-EEO-735	db78tg46k
Adams	EEO	736	2025-EEO-736	pv63g404s
Adams	EEO	737	2025-EEO-737	b8515s17b
Adams	EEO	738	2025-EEO-738	8p58ph943
Adams	EEO	739	2025-EEO-739	hh63t080n
Adams	EEO	740	2025-EEO-740	ht24wp48q
Adams	EEO	741	2025-EEO-741	kp78gk983
Adams	EEO	742	2025-EEO-742	05741w383
Adams	EEO	743	2025-EEO-743	4j03d335f
Adams	EEO	744	2025-EEO-744	x059cb90t
Adams	EEO	745	2025-EEO-745	7w62fd183
Adams	EEO	746	2025-EEO-746	5t34sp46d
Adams	EEO	747	2025-EEO-747	k0698c18j
Adams	EEO	748	2025-EEO-748	b8515s226
Adams	EEO	749	2025-EEO-749	d217qt21z
Adams	EEO	750	2025-EEO-750	6w924g64b
Adams	EEO	751	2025-EEO-751	37720h761
Adams	EEO	752	2025-EEO-752	4q77fw571
Adams	EEO	753	2025-EEO-753	fq977z87n
Adams	EEO	754	2025-EEO-754	1v53k1455
Adams	EEO	755	2025-EEO-755	9p290f34n
Adams	EEO	756	2025-EEO-756	fj2366038
Adams	EEO	757	2025-EEO-757	v405sf39p
Adams	EEO	758	2025-EEO-758	bk128f80w
Adams	EEO	759	2025-EEO-759	sf268902h
Adams	EEO	760	2025-EEO-760	b8515s24r
Adams	EEO	761	2025-EEO-761	p5547w027
Adams	EEO	762	2025-EEO-762	rx913t74z
Adams	EEO	763	2025-EEO-763	r781wk82p
Adams	EEO	764	2025-EEO-764	pr76f720x
Adams	EEO	765	2025-EEO-765	ms35td480
Adams	EEO	766	2025-EEO-766	05741w45h
Adams	EEO	767	2025-EEO-767	8p58pj05d
Adams	EEO	768	2025-EEO-768	vd66w417m
Adams	EEO	769	2025-EEO-769	2z10wv03k
Adams	EEO	770	2025-EEO-770	dr26z2006
Adams	EEO	771	2025-EEO-771	qj72pb73v
Adams	EEO	772	2025-EEO-772	c247dw73v
Adams	EEO	773	2025-EEO-773	mp48sh76x
Adams	EEO	774	2025-EEO-774	zg64tq84m
Adams	EEO	775	2025-EEO-775	nz806345d
Adams	EEO	776	2025-EEO-776	9s161982b
Adams	EEO	777	2025-EEO-777	5q47rs81r
Adams	EEO	778	2025-EEO-778	w6634739p
Adams	EEO	779	2025-EEO-779	6682x747q
Adams	EEO	780	2025-EEO-780	sn00b268w
Adams	EEO	781	2025-EEO-781	1544bs88z
Adams	EEO	782	2025-EEO-782	0z709117k
Adams	EEO	783	2025-EEO-783	3484zn090
Adams	EEO	784	2025-EEO-784	1g05fg498
Adams	EEO	785	2025-EEO-785	5712mb55s
Adams	EEO	786	2025-EEO-786	p2677022n
Adams	EEO	787	2025-EEO-787	s4655m327
Adams	EEO	788	2025-EEO-788	9593tz857
Adams	EEO	789	2025-EEO-789	3197xr10h
Adams	EEO	790	2025-EEO-790	3b591d70w
Adams	EEO	791	2025-EEO-791	pn89db06v
Adams	EEO	792	2025-EEO-792	df65vc67k
Adams	EEO	793	2025-EEO-793	nz806352t
Adams	EEO	794	2025-EEO-794	76537530j
Adams	EEO	795	2025-EEO-795	bg257j53r
Adams	EEO	796	2025-EEO-796	nz8063533,rx913t83x
Adams	EEO	797	2025-EEO-797	qr46r487z
Adams	EEO	798	2025-EEO-798	2n49t5405
Adams	EEO	799	2025-EEO-799	h989r727v
Adams	EEO	800	2025-EEO-800	xs55mh326
Adams	EEO	801	2025-EEO-801	z029p8528,4b29bb18h
Adams	EEO	802	2025-EEO-802	z890rz38z
Adams	EEO	803	2025-EEO-803	c821gp87p,6395wc31s
Adams	EEO	804	2025-EEO-804	6m311t33k
Adams	EEO	805	2025-EEO-805	5999n716k
Adams	EEO	806	2025-EEO-806	rx913t85g
Adams	EEO	807	2025-EEO-807	ms35td633
Adams	EEO	808	2025-EEO-808	pg15bj71f
Adams	EEO	809	2025-EEO-809	70795c719
Adams	EEO	810	2025-EEO-810	db78tg769
Adams	EEO	811	2025-EEO-811	79408206q
Adams	EEO	812	2025-EEO-812	5712mb61x
Adams	EEO	813	2025-EEO-813	1831cp78z
Adams	EEO	814	2025-EEO-814	2f75rc993
Adams	EEO	815	2025-EEO-815	xk81jq41d
Adams	EEO	816	2025-EEO-816	jd4731641
Adams	EEO	817	2025-EEO-817	fb494d12r
Adams	EEO	818	2025-EEO-818	ms35td71s
Adams	EEO	819	2025-EEO-819	xw42nd030
Adams	EEO	820	2025-EEO-820	6395wc429
Adams	EEO	821	2025-EEO-821	1z40kz23d
Adams	EEO	822	2025-EEO-822	jm214t47p
Adams	EEO	823	2025-EEO-823	6969z5201
Adams	EEO	824	2025-EEO-824	02871098g
Adams	EEO	825	2025-EEO-825	8910jz89z
Adams	EEO	826	2025-EEO-826	gf06g682b
Adams	EEO	827	2025-EEO-827	q237hw91j
Adams	EEO	828	2025-EEO-828	sq87bz67x
Adams	EEO	829	2025-EEO-829	8910jz97n
Adams	EEO	830	2025-EEO-830	ws859m01j
Adams	EEO	831	2025-EEO-831	5d86p468k
Adams	EEO	832	2025-EEO-832	cz30px999
Adams	EEO	833	2025-EEO-833	g732df55w
Adams	EEO	834	2025-EEO-834	z316q629x
Adams	EEO	835	2025-EEO-835	0z709166h
Adams	EEO	836	2025-EEO-836	9s161b47z
Adams	EEO	837	2025-EEO-837	41687p11s
Adams	EEO	838	2025-EEO-838	fb494d637
Adams	EEO	839	2025-EEO-839	j9602506t
Adams	EEO	840	2025-EEO-840	df65vd26j
Adams	EEO	841	2025-EEO-841	gt54ks261
Adams	EEO	842	2025-EEO-842	hd76s472x
Adams	EEO	843	2025-EEO-843	gx41mp535
Adams	EEO	844	2025-EEO-844	0v838518t
Adams	EEO	845	2025-EEO-845	70795d287
Adams	EEO	846	2025-EEO-846	pr76f7879
Adams	EEO	847	2025-EEO-847	8623j3426
Adams	EEO	848	2025-EEO-848	bg257k22z
Adams	EEO	849	2025-EEO-849	mk61rn874
Adams	EEO	850	2025-EEO-850	12579z29z
Adams	EEO	851	2025-EEO-851	h989r803g
Adams	EEO	852	2025-EEO-852	0k225g703
Adams	EEO	853	2025-EEO-853	2z10wv895
Adams	EEO	854	2025-EEO-854	4f16c7743
Adams	EEO	855	2025-EEO-855	4t64gt167
Adams	EEO	856	2025-EEO-856	vq27zt18q
Adams	EEO	857	2025-EEO-857	9306t345f
Adams	EEO	858	2025-EEO-858	vq27zt20r
Adams	EEO	859	2025-EEO-859	9p290g265
Adams	EEO	860	2025-EEO-860	4f16c785m
Adams	EEO	861	2025-EEO-861	tq57nw90k
Adams	EEO	862	2025-EEO-862	xg94hv18k
Adams	EEO	863	2025-EEO-863	vt150p993
Adams	EEO	864	2025-EEO-864	44558j91r
Adams	EEO	865	2025-EEO-865	z029p9427
Adams	EEO	866	2025-EEO-866	qr46r577x
Adams	EEO	867	2025-EEO-867	z316q665s
Adams	EEO	868	2025-EEO-868	8g84ms684
Adams	EEO	869	2025-EEO-869	nk322k14m
Adams	EEO	870	2025-EEO-870	7p88cn62c
Adams	EEO	871	2025-EEO-871	xg94hv225
Adams	EEO	872	2025-EEO-872	bz60d2389
Adams	EEO	873	2025-EEO-873	ks65hh935
Adams	EEO	874	2025-EEO-874	v118rk32q
Adams	EEO	875	2025-EEO-875	0g354m02x
Adams	EEO	876	2025-EEO-876	9c67ws75z
Adams	EEO	877	2025-EEO-877	gx41mp77r
Adams	EEO	878	2025-EEO-878	1n79h925m
Adams	EEO	879	2025-EEO-879	xk81jr282
Adams	EEO	880	2025-EEO-880	1831cq64t
Adams	EEO	881	2025-EEO-881	qf85nh16d
Adams	EEO	882	2025-EEO-882	3b591f789
Adams	EEO	883	2025-EEO-883	6w924h69x
Adams	EEO	884	2025-EEO-884	5999n803q
Adams	EEO	885	2025-EEO-885	9c67ws84x
Adams	EEO	886	2025-EEO-886	4m90f203s
Adams	EEO	887	2025-EEO-887	q811kq119
Adams	EEO	888	2025-EEO-888	dv140004w
Adams	EEO	889	2025-EEO-889	xp68kn29v
Adams	EEO	890	2025-EEO-890	cn69m903b
Adams	EEO	891	2025-EEO-891	12579z549
Adams	EEO	892	2025-EEO-892	pk02ch14g
Adams	EEO	893	2025-EEO-893	z603r3163
Adams	EEO	894	2025-EEO-894	f4752n436
Adams	EEO	895	2025-EEO-895	m613n384g
Adams	EEO	897	2025-EEO-897	3b591f97h
Adams	EEO	898	2025-EEO-898	ms35tf664
Adams	EEO	899	2025-EEO-899	1r66j624k
Adams	EEO	900	2025-EEO-900	x346d913c
Adams	EEO	901	2025-EEO-901	xp68kn393
Adams	EEO	902	2025-EEO-902	8k71np12h
Adams	EEO	903	2025-EEO-903	h702qc340
Adams	EEO	904	2025-EEO-904	0z709222n
Beame	EO	1	1974-EO-001	d504rk581
Beame	EO	2	1974-EO-002	qj72p7338
Beame	EO	3	1974-EO-003	gm80hv55w
Beame	EO	4	1974-EO-004	0z708w66h
Beame	EO	5	1974-EO-005	kk91fk76x
Beame	EO	6	1974-EO-006	m613mx848
Beame	EO	7	1974-EO-007	mw22v5652
Beame	EO	8	1974-EO-008	jd472w66k
Beame	EO	9	1974-EO-009	9019s264k
Beame	EO	10	1974-EO-010	37720c92k
Beame	EO	11	1974-EO-011	2b88qc39s
Beame	EO	12	1974-EO-012	9c67wn088
Beame	EO	13	1974-EO-013	t148fh339
Beame	EO	14	1974-EO-014	xk81jk66f
Beame	EO	15	1974-EO-015	qj72p734j
Beame	EO	16	1974-EO-016	zw12z5506
Beame	EO	17	1974-EO-017	mc87pq395
Beame	EO	18	1974-EO-018	6t053g18d
Beame	EO	19	1974-EO-019	v979v335g
Beame	EO	20	1974-EO-020	ms35t8859
Beame	EO	21	1974-EO-021	k643b139z
Beame	EO	22	1974-EO-022	rf55z7888
Beame	EO	23	1974-EO-023	g158bh485
Beame	EO	24	1974-EO-024	bz60cw51n
Beame	EO	25	1974-EO-025	qn59q414k
Beame	EO	26	1975-EO-026	p8418n402
Beame	EO	27	1975-EO-027	s4655g802
Beame	EO	28	1975-EO-028	vh53ww027
Beame	EO	29	1975-EO-029	rj4304642
Beame	EO	30	1975-EO-030	nk322d51q
Beame	EO	31	1975-EO-031	df65v813n
Beame	EO	32	1975-EO-032	qr46r097c
Beame	EO	33	1975-EO-033	pg15bf057
Beame	EO	34	1975-EO-034	rn301168d
Beame	EO	35	1975-EO-035	pk02c9945
Beame	EO	36	1975-EO-036	pz50gw29w
Beame	EO	37	1975-EO-037	9p290960f
Beame	EO	38	1975-EO-038	h702q6624
Beame	EO	39	1975-EO-039	6t053g19p
Beame	EO	40	1975-EO-040	qb98mf759
Beame	EO	41	1975-EO-041	76537156v
Beame	EO	42	1975-EO-042	mp48sd05b
Beame	EO	43	1975-EO-043	0r967394c
Beame	EO	44	1975-EO-044	j38607171
Beame	EO	45	1975-EO-045	w9505071v
Beame	EO	46	1975-EO-046	v405s970b
Beame	EO	47	1975-EO-047	st74cq56t
Beame	EO	48	1975-EO-048	f7623c777
Beame	EO	49	1976-EO-049	fj236232w
Beame	EO	50	1976-EO-050	xg94hp73m
Beame	EO	51	1976-EO-051	tt44pn06g
Beame	EO	52	1976-EO-052	w0892b09v
Beame	EO	53	1976-EO-053	v118rd64z
Beame	EO	54	1976-EO-054	m900nt63r
Beame	EO	55	1976-EO-055	3b5918877
Beame	EO	56	1976-EO-056	5x21tf59w
Beame	EO	57	1976-EO-057	6108vb46c
Beame	EO	58	1976-EO-058	5x21tf60n
Beame	EO	59	1976-EO-059	m613mx86t
Beame	EO	60	1976-EO-060	3j3332413
Beame	EO	61	1976-EO-061	73666471q
Beame	EO	62	1976-EO-062	mp48sd06m
Beame	EO	63	1976-EO-063	bz60cw54g
Beame	EO	64	1976-EO-064	2f75r829s
Beame	EO	65	1976-EO-065	xg94hp74w
Beame	EO	66	1976-EO-066	hh63sw15j
Beame	EO	67	1976-EO-067	8g84mm49w
Beame	EO	68	1976-EO-068	cj82k7505
Beame	EO	69	1976-EO-069	v118rd657
Beame	EO	70	1976-EO-070	7m01bk880
Beame	EO	71	1976-EO-071	wd375w538
Beame	EO	72	1976-EO-072	sx61dm58m
Beame	EO	73	1976-EO-073	wp988k11q
Beame	EO	74	1976-EO-074	bz60cw55r
Beame	EO	75	1977-EO-075	1j92g7694
Beame	EO	76	1977-EO-076	6q182k30f
Beame	EO	77	1977-EO-077	9019s2664
Beame	EO	78	1977-EO-078	zw12z552r
Beame	EO	79	1977-EO-079	zs25x874j
Beame	EO	80	1977-EO-080	s4655g81b
Beame	EO	81	1977-EO-081	rf55z789j
Beame	EO	82	1977-EO-082	q524jp028
Beame	EO	83	1977-EO-083	0r967395n
Beame	EO	84	1977-EO-084	df65v8156
Beame	EO	85	1977-EO-085	bc386j46g
Beame	EO	86	1977-EO-086	gm80hv57f
Beame	EO	87	1977-EO-087	9z9030027
Beame	EO	88	1977-EO-088	8336h210v
Beame	EO	89	1977-EO-089	zk51vg96t
Beame	EO	90	1977-EO-090	0c483j68r
Beame	EO	91	1977-EO-091	7m01bk898
Beame	EO	92	1977-EO-092	2z10wq46j
Beame	EO	93	1977-EO-093	v405s971m
Beame	EO	94	1977-EO-094	70795794s
Beame	EO	95	1977-EO-095	zg64tm06m
Beame	EO	96	1977-EO-096	tq57nr309
Beame	EO	97	1977-EO-097	zk51vg973
Bloomberg	EO	1	2002-EO-001	kd17ct09t
Bloomberg	EO	2	2002-EO-002	xk81jk680
Bloomberg	EO	3	2002-EO-003	9s1616406
Bloomberg	EO	4	2002-EO-004	x346d495t
Bloomberg	EO	5	2002-EO-005	tb09j585v
Bloomberg	EO	6	2002-EO-006	8w32r578c
Bloomberg	EO	7	2002-EO-007	gq67jr47q
Bloomberg	EO	8	2002-EO-008	2514nk766
Bloomberg	EO	9	2002-EO-009	3x816m88t
Bloomberg	EO	10	2002-EO-010	x633f1243
Bloomberg	EO	11	2002-EO-011	n870zr123
Bloomberg	EO	12	2002-EO-012	cj82k801f
Bloomberg	EO	13	2002-EO-013	1v53jx21s
Bloomberg	EO	14	2002-EO-014	pn89d6745
Bloomberg	EO	15	2002-EO-015	5999n4045
Bloomberg	EO	16	2002-EO-016	0p0967178
Bloomberg	EO	17	2002-EO-017	dn39x1802
Bloomberg	EO	18	2002-EO-018	xw42n8060
Bloomberg	EO	19	2002-EO-019	4x51hj23v
Bloomberg	EO	20	2002-EO-020	cc08hf75k
Bloomberg	EO	21	2002-EO-021	3j333242c
Bloomberg	EO	22	2002-EO-022	wd375w563
Bloomberg	EO	23	2002-EO-023	mc87pq42g
Bloomberg	EO	24	2002-EO-024	rj4304685
Bloomberg	EO	25	2002-EO-025	s1784k99j
Bloomberg	EO	26	2002-EO-026	3x816m893
Bloomberg	EO	27	2002-EO-027	zp38wd43h
Bloomberg	EO	28	2002-EO-028	hq37vn81p
Bloomberg	EO	29	2002-EO-029	q237hs14t
Bloomberg	EO	30	2002-EO-030	n296wz37g
Bloomberg	EO	31	2002-EO-031	8623hz07m
Bloomberg	EO	32	2003-EO-032	pv63g0502
Bloomberg	EO	33	2003-EO-033	8k71nh26t
Bloomberg	EO	34	2003-EO-034	9593tv41j
Bloomberg	EO	35	2003-EO-035	bn999713w
Bloomberg	EO	36	2003-EO-036	fb494859t
Bloomberg	EO	37	2003-EO-037	mw22v567m
Bloomberg	EO	38	2003-EO-038	0r967399r
Bloomberg	EO	39	2003-EO-039	nc580n441
Bloomberg	EO	40	2003-EO-040	9w032331g
Bloomberg	EO	41	2003-EO-041	f7623d28h
Bloomberg	EO	42	2003-EO-042	tb09j631r
Bloomberg	EO	43	2003-EO-043	9k41zd787
Bloomberg	EO	44	2003-EO-044	tm70mv82j
Bloomberg	EO	45	2004-EO-045	mw22v568w
Bloomberg	EO	46	2004-EO-046	gm80hv60r
Bloomberg	EO	47	2004-EO-047	r781wg32v
Bloomberg	EO	48	2004-EO-048	5425kb01m
Bloomberg	EO	49	2004-EO-049	n009w311h
Bloomberg	EO	50	2004-EO-050	tb09j5864
Bloomberg	EO	51	2004-EO-051	fb494860k
Bloomberg	EO	52	2004-EO-052	8k71nh273
Bloomberg	EO	53	2004-EO-053	n583xv20j
Bloomberg	EO	54	2004-EO-054	nv935309p
Bloomberg	EO	55	2005-EO-055	3n203z351
Bloomberg	EO	56	2005-EO-056	cv43nx04w
Bloomberg	EO	57	2005-EO-057	nk322d55t
Bloomberg	EO	58	2005-EO-058	kw52j834d
Bloomberg	EO	60	2005-EO-060	3t945q98t
Bloomberg	EO	61	2005-EO-061	9k41zd79h
Bloomberg	EO	62	2005-EO-062	g732d925b
Bloomberg	EO	63	2005-EO-063	xd07gs93w
Bloomberg	EO	64	2005-EO-064	gq67jr480
Bloomberg	EO	65	2005-EO-065	8p58pd138
Bloomberg	EO	66	2005-EO-066	rr171x49j
Bloomberg	EO	67	2005-EO-067	9w032332r
Bloomberg	EO	68	2005-EO-068	4x51hj244
Bloomberg	EO	69	2005-EO-069	mw22v5695
Bloomberg	EO	70	2005-EO-070	8c97kq626
Bloomberg	EO	71	2005-EO-071	9s161641g
Bloomberg	EO	72	2005-EO-072	3484zh141
Bloomberg	EO	73	2005-EO-073	5h73pw24r
Bloomberg	EO	74	2005-EO-074	3b591889s
Bloomberg	EO	75	2005-EO-075	9g54xh933
Bloomberg	EO	76	2005-EO-076	td96k280p
Bloomberg	EO	77	2005-EO-077	6108vb496
Bloomberg	EO	78	2005-EO-078	3n203z369
Bloomberg	EO	79	2005-EO-079	n009w265m
Bloomberg	EO	80	2005-EO-080	kh04dp97g
Bloomberg	EO	81	2005-EO-081	44558d56b
Bloomberg	EO	82	2005-EO-082	1v53jx222
Bloomberg	EO	83	2005-EO-083	9306sz56z
Bloomberg	EO	84	2006-EO-084	cr56n122r
Bloomberg	EO	85	2006-EO-085	rf55z791k
Bloomberg	EO	86	2006-EO-086	41687h759
Bloomberg	EO	87	2006-EO-087	pz50gw30n
Bloomberg	EO	88	2006-EO-088	jh343s584
Bloomberg	EO	89	2006-EO-089	6108vb50z
Bloomberg	EO	90	2006-EO-090	7p88cg81j
Bloomberg	EO	91	2006-EO-091	6108vb517
Bloomberg	EO	92	2006-EO-092	1j92g7715
Bloomberg	EO	93	2006-EO-093	9p2909638
Bloomberg	EO	94	2006-EO-094	0r9674009
Bloomberg	EO	95	2006-EO-095	5h73pw251
Bloomberg	EO	96	2006-EO-096	z029p497s
Bloomberg	EO	97	2006-EO-097	qn59q4164
Bloomberg	EO	98	2006-EO-098	3j333243n
Bloomberg	EO	99	2007-EO-099	0c483j70s
Bloomberg	EO	100	2007-EO-100	zg64tm07w
Bloomberg	EO	101	2007-EO-101	zs25x877c
Bloomberg	EO	102	2007-EO-102	8s45q898m
Bloomberg	EO	103	2007-EO-103	8c97kq63g
Bloomberg	EO	104	2007-EO-104	t722h9075
Bloomberg	EO	105	2007-EO-105	zp38wc87c
Bloomberg	EO	106	2007-EO-106	zp38wc88n
Bloomberg	EO	107	2007-EO-107	4q77fr576
Bloomberg	EO	108	2007-EO-108	5712m676q
Bloomberg	EO	109	2007-EO-109	j098zb31g
Bloomberg	EO	110	2008-EO-110	xp68kg367
Bloomberg	EO	111	2008-EO-111	h702q664p
Bloomberg	EO	112	2008-EO-112	3j333244x
Bloomberg	EO	113	2008-EO-113	cf95jb61f
Bloomberg	EO	114	2008-EO-114	1j92g772f
Bloomberg	EO	115	2008-EO-115	0r967401k
Bloomberg	EO	116	2008-EO-116	wd375w58n
Bloomberg	EO	117	2008-EO-117	fj236234f
Bloomberg	EO	118	2008-EO-118	cj82k7530
Bloomberg	EO	119	2008-EO-119	79407x42k
Bloomberg	EO	120	2008-EO-120	8g84mm51x
Bloomberg	EO	121	2008-EO-121	6108vb52h
Bloomberg	EO	122	2008-EO-122	hm50ts12z
Bloomberg	EO	123	2008-EO-123	41687h76k
Bloomberg	EO	124	2009-EO-124	qn59q417d
Bloomberg	EO	125	2009-EO-125	jm214p34s
Bloomberg	EO	126	2009-EO-126	w3763704q
Bloomberg	EO	127	2009-EO-127	3r074v14s
Bloomberg	EO	128	2009-EO-128	5m60qs169
Bloomberg	EO	129	2009-EO-129	765371620
Bloomberg	EO	130	2009-EO-130	tt44pn11b
Bloomberg	EO	131	2010-EO-131	474299427
Bloomberg	EO	132	2010-EO-132	mc87pq43r
Bloomberg	EO	133	2010-EO-133	6h440s67b
Bloomberg	EO	134	2010-EO-134	h128nf04z
Bloomberg	EO	135	2010-EO-135	x346d4432
Bloomberg	EO	136	2010-EO-136	st74cq58c
Bloomberg	EO	137	2010-EO-137	9880vr839
Bloomberg	EO	138	2010-EO-138	dr26xx651
Bloomberg	EO	139	2010-EO-139	08612n74c
Bloomberg	EO	140	2010-EO-140	9z903007m
Bloomberg	EO	141	2010-EO-141	xs55mc30t
Bloomberg	EO	142	2010-EO-142	8049g535g
Bloomberg	EO	143	2010-EO-143	6395w733h
Bloomberg	EO	144	2011-EO-144	73666474j
Bloomberg	EO	145	2011-EO-145	7d278t245
Bloomberg	EO	146	2011-EO-146	m039k520m
Bloomberg	EO	147	2011-EO-147	2514nk77g
Bloomberg	EO	148	2011-EO-148	qn59q418p
Bloomberg	EO	149	2011-EO-149	9593tv42t
Bloomberg	EO	150	2011-EO-150	8p58pd15t
Bloomberg	EO	151	2011-EO-151	rf55z7934
Bloomberg	EO	152	2011-EO-152	1831ck20x
Bloomberg	EO	153	2011-EO-153	5999n3609
Bloomberg	EO	154	2011-EO-154	6h440s68m
Bloomberg	EO	155	2011-EO-155	sj139220v
Bloomberg	EO	156	2011-EO-156	rj4304706
Bloomberg	EO	157	2011-EO-157	6h440s69w
Bloomberg	EO	158	2011-EO-158	zk51vh006
Bloomberg	EO	159	2011-EO-159	wm117p65j
Bloomberg	EO	160	2012-EO-160	n009w266w
Bloomberg	EO	161	2012-EO-161	5t34sj78v
Bloomberg	EO	162	2012-EO-162	3484zh159
Bloomberg	EO	163	2012-EO-163	pn89d676q
Bloomberg	EO	164	2012-EO-164	6108vb53s
Bloomberg	EO	165	2012-EO-165	4b29b626c
Bloomberg	EO	166	2012-EO-166	w66343913
Bloomberg	EO	167	2012-EO-167	q524jp053
Bloomberg	EO	168	2012-EO-168	6395w734s
Bloomberg	EO	169	2012-EO-169	b8515n655
Bloomberg	EO	170	2012-EO-170	tx31qh919
Bloomberg	EO	171	2012-EO-171	kk91fk80h
Bloomberg	EO	172	2012-EO-172	4t64gn35d
Bloomberg	EO	173	2012-EO-173	zc77sq35t
Bloomberg	EO	174	2012-EO-174	j9602089j
Bloomberg	EO	175	2012-EO-175	k643b1428
Bloomberg	EO	176	2012-EO-176	cv43nx055
Bloomberg	EO	177	2012-EO-177	3t945q993
Bloomberg	EO	178	2012-EO-178	k643b143j
Bloomberg	EO	179	2012-EO-179	kd17ct10k
Bloomberg	EO	180	2012-EO-180	707957995
Bloomberg	EO	181	2012-EO-181	q524jp06c
Bloomberg	EO	182	2012-EO-182	z603qx663
Bloomberg	EO	183	2012-EO-183	pc289j289
Bloomberg	EO	184	2012-EO-184	3b591890j
Bloomberg	EO	185	2012-EO-185	mk61rh241
Bloomberg	EO	186	2012-EO-186	sn009z00f
Bloomberg	EO	187	2012-EO-187	9s161642r
Bloomberg	EO	188	2012-EO-188	qn59q419z
Bloomberg	EO	189	2012-EO-189	n583xv23c
Bloomberg	EO	190	2012-EO-190	tx31qh92k
Bloomberg	EO	191	2012-EO-191	pk02c9970
Bloomberg	EO	192	2012-EO-192	8623hz08w
Bloomberg	EO	193	2012-EO-193	hq37vn82z
Bloomberg	EO	194	2012-EO-194	6108vb542
Bloomberg	EO	195	2012-EO-195	vh53ww052
Bloomberg	EO	196	2012-EO-196	wh246s38d
Bloomberg	EO	197	2012-EO-197	z316q1793
Bloomberg	EO	198	2012-EO-198	rv042t26g
Bloomberg	EO	199	2012-EO-199	5138jf10b
Bloomberg	EO	200	2012-EO-200	n583xv25x
Bloomberg	EO	201	2012-EO-201	d217qp770
Bloomberg	EO	202	2012-EO-202	b2773v92k
Bloomberg	EO	203	2012-EO-203	3484zh16k
Bloomberg	EO	204	2012-EO-204	p8418n445
Bloomberg	EO	205	2012-EO-205	9880vr27z
Bloomberg	EO	206	2012-EO-206	zw12z555k
Bloomberg	EO	207	2012-EO-207	w0892b10m
Bloomberg	EO	208	2012-EO-208	4j03cz90h
Bloomberg	EO	209	2013-EO-209	474299452
Bloomberg	EO	210	2013-EO-210	2514nk78r
Bloomberg	EO	211	2013-EO-211	1544bp227
Bloomberg	EO	212	2013-EO-212	b2773v93v
Bloomberg	EO	213	2013-EO-213	mc87pq441
Bloomberg	EO	214	2013-EO-214	rn3011738
Bloomberg	EO	215	2013-EO-215	mk61rh259
Bloomberg	EO	216	2013-EO-216	dv13zt373
Bloomberg	EO	217	2013-EO-217	zs25x879x
Bloomberg	EO	218	2013-EO-218	rr171x509
Bloomberg	EO	219	2013-EO-219	5138jf11m
Bloomberg	EO	220	2013-EO-220	h415p970k
Bloomberg	EO	221	2013-EO-221	5138jf12w
Bloomberg	EO	222	2013-EO-222	c821gj99n
Bloomberg	EO	223	2013-EO-223	73666475t
Bloomberg	EO	224	2013-EO-224	f4752g94n
Bloomberg	EO	225	2013-EO-225	9k41zd808
Bloomberg	EO	226	2013-EO-226	n296wz391
Bloomberg	EO	227	2013-EO-227	4x51hj25d
Bloomberg	EO	228	2013-EO-228	8w32r582z
Bloomberg	EO	229	2013-EO-229	nc580m941
Bloomberg	EO	230	2013-EO-230	6w924c02q
Bloomberg	EO	231	2013-EO-231	jq085k20z
Bloomberg	EO	232	2013-EO-232	bv73c0666
Bloomberg	EO	233	2013-EO-233	37720c944
Bloomberg	EO	234	2013-EO-234	h415p971v
Bloomberg	EO	235	2013-EO-235	44558d57m
Bloomberg	EO	236	2013-EO-236	pk02c999j
Bloomberg	EO	237	2013-EO-237	zw12z556v
Bloomberg	EO	238	2013-EO-238	n009w268f
Bloomberg	EO	239	2013-EO-239	jh343s605
Bloomberg	EO	240	2013-EO-240	5q47rp059
Bloomberg	EO	241	2013-EO-241	st74cq60d
Bloomberg	EO	242	2013-EO-242	41687h77v
Bloomberg	EO	243	2013-EO-243	12579s51f
Bloomberg	EO	244	2013-EO-244	qn59q420q
Bloomberg	EO	245	2013-EO-245	9g54xh95n
Bloomberg	EO	246	2013-EO-246	8s45q899w
Bloomberg	EO	247	2013-EO-247	0c483j73m
Bloomberg	EO	248	2013-EO-248	qf85nb53h
Bloomberg	EO	249	2013-EO-249	kd17ct11v
Bloomberg	EO	250	2013-EO-250	cf95jb62q
Bloomberg	EO	251	2013-EO-251	ms35t8884
Bloomberg	EO	252	2013-EO-252	m900nt684
Bloomberg	EO	253	2013-EO-253	ng451h752
Bloomberg	EO	254	2013-EO-254	s4655g82m
Bloomberg	EO	255	2013-EO-255	fb494861v
Bloomberg	EO	256	2013-EO-256	2801pg666
Bloomberg	EO	257	2013-EO-257	n870zr15x
Bloomberg	EO	258	2013-EO-258	s7526c699
Bloomberg	EO	259	2013-EO-259	cf95jb630
Bloomberg	EO	260	2013-EO-260	rj430471g
Bloomberg	EO	261	2013-EO-261	m039k5225
Bloomberg	EO	262	2013-EO-262	wp988k14j
Bloomberg	EO	263	2013-EO-263	12579s52q
Bloomberg	EO	264	2013-EO-264	vt150j56g
Bloomberg	EO	265	2013-EO-265	v979v339k
Bloomberg	EO	266	2013-EO-266	6m311p58m
Bloomberg	EO	267	2013-EO-267	dv13zt38c
Bloomberg	EO	268	2013-EO-268	pc289j29k
Bloomberg	EO	269	2013-EO-269	m900nt69d
Bloomberg	EO	270	2013-EO-270	0p096719t
Bloomberg	EO	271	2013-EO-271	v979v340b
Bloomberg	EO	272	2013-EO-272	q811kj916
Bloomberg	EO	273	2013-EO-273	76537165t
Bloomberg	EO	274	2013-EO-274	z029p499b
Bloomberg	EO	275	2013-EO-275	765371663
Bloomberg	EO	276	2013-EO-276	hx11xf548
Bloomberg	EO	277	2013-EO-277	sx61dm67k
Bloomberg	EO	278	2013-EO-278	p8418n45f
Bloomberg	EO	279	2013-EO-279	jm214p37m
Bloomberg	EO	280	2013-EO-280	pc289j30b
Bloomberg	EO	281	2013-EO-281	5m60qs17k
Bloomberg	EO	282	2013-EO-282	gb19f597w
Bloomberg	EO	283	2013-EO-283	2j62s511k
Bloomberg	EO	284	2013-EO-284	7h149q013
Bloomberg	EO	285	2013-EO-285	ff365545q
Bloomberg	EO	286	2013-EO-286	z890rt58m
Bloomberg	EO	287	2013-EO-287	5t34sj794
Bloomberg	EO	288	2013-EO-288	nv935311q
Bloomberg	EO	289	2013-EO-289	8k71nh29n
Bloomberg	EO	290	2013-EO-290	wh246s40f
Bloomberg	EO	291	2013-EO-291	p2676v823
Bloomberg	EO	292	2013-EO-292	hh63sw173
Bloomberg	EO	293	2013-EO-293	gh93gz70r
Bloomberg	EO	294	2013-EO-294	br86b386f
Bloomberg	EO	295	2013-EO-295	n870zr17g
Bloomberg	EO	296	2013-EO-296	7s75dc63v
Bloomberg	EO	297	2013-EO-297	47429946b
Bloomberg	EO	298	2013-EO-298	9880vr287
Bloomberg	EO	299	2013-EO-299	3f462565f
Bloomberg	EO	300	2013-EO-300	0p096721v
Bloomberg	EO	301	2013-EO-301	9880vr29h
Bloomberg	EO	302	2013-EO-302	zp38wc93h
Bloomberg	EO	303	2013-EO-303	zw12z558d
Bloomberg	EO	304	2013-EO-304	vx021f324
Bloomberg	EO	305	2013-EO-305	qr46r100g
Bloomberg	EO	306	2013-EO-306	0v838084c
Bloomberg	EO	307	2013-EO-307	x346d444b
Bloomberg	EO	308	2013-EO-308	h989r343d
Bloomberg	EO	309	2013-EO-309	8c97kq669
Bloomberg	EO	310	2013-EO-310	5x21tf63g
Bloomberg	EO	311	2013-EO-311	pr76f3734
Bloomberg	EO	312	2013-EO-312	3f462566q
Bloomberg	EO	313	2013-EO-313	g732d926m
Bloomberg	EO	314	2013-EO-314	f4752g95x
Bloomberg	EO	315	2013-EO-315	ng451h76b
Bloomberg	EO	316	2013-EO-316	6t053g20f
Bloomberg	EO	317	2013-EO-317	9880vr308
Bloomberg	EO	318	2013-EO-318	qj72p737c
Bloomberg	EO	319	2013-EO-319	x059c7532
Bloomberg	EO	320	2013-EO-320	kk91fk822
Bloomberg	EO	321	2013-EO-321	4m90dv839
Bloomberg	EO	322	2013-EO-322	bn9997170
Bloomberg	EO	323	2013-EO-323	dv13zt39n
Bloomberg	EO	324	2013-EO-324	h702q667h
Bloomberg	EO	325	2013-EO-325	nz805z91h
Bloomberg	EO	326	2013-EO-326	z890rt60n
Bloomberg	EO	327	2013-EO-327	z029p500w
Bloomberg	EO	328	2013-EO-328	qb98mf784
Bloomberg	EO	329	2013-EO-329	ns064629z
Bloomberg	EO	330	2013-EO-330	qj72p738n
Bloomberg	EO	331	2013-EO-331	q811kj93r
Bloomberg	EO	332	2013-EO-332	s1784m02n
Bloomberg	EO	333	2013-EO-333	d504rk61b
Bloomberg	EO	334	2013-EO-334	4b29b628x
Bloomberg	EO	335	2013-EO-335	9880vr31j
Bloomberg	EO	336	2013-EO-336	m326m191m
Bloomberg	EO	337	2013-EO-337	9p290965t
Bloomberg	EO	338	2013-EO-338	g445cd474
Bloomberg	EO	339	2013-EO-339	dr26xx67k
Bloomberg	EO	340	2013-EO-340	qj72p739x
Bloomberg	EO	341	2013-EO-341	d217qp788
Bloomberg	EO	342	2013-EO-342	mk61rh27v
Bloomberg	EO	343	2013-EO-343	0z708w72n
Bloomberg	EO	344	2013-EO-344	z890rt61x
Bloomberg	EO	345	2013-EO-345	x633f125c
Bloomberg	EO	346	2013-EO-346	6m311p59w
Bloomberg	EO	347	2013-EO-347	g158bh531
Bloomberg	EO	348	2013-EO-348	q524jp07n
Bloomberg	EO	349	2013-EO-349	5t34sj80w
Bloomberg	EO	350	2013-EO-350	m039k523f
Bloomberg	EO	351	2013-EO-351	9593tv44c
Bloomberg	EO	352	2013-EO-352	m039k524q
Bloomberg	EO	353	2013-EO-353	kk91fk83b
Bloomberg	EO	354	2013-EO-354	vd66w013p
Bloomberg	EO	355	2013-EO-355	nc580m959
Bloomberg	EO	356	2013-EO-356	df65v8202
Bloomberg	EO	357	2013-EO-357	qj72p740p
Bloomberg	EO	358	2013-EO-358	8p58pd19x
Bloomberg	EO	359	2013-EO-359	c821gk01g
Bloomberg	EO	360	2013-EO-360	rx913q12b
Bloomberg	EO	361	2013-EO-361	z890rt626
Bloomberg	EO	362	2013-EO-362	ht24wj79w
Bloomberg	EO	363	2013-EO-363	0p0967224
Bloomberg	EO	364	2013-EO-364	r781wg334
Bloomberg	EO	365	2013-EO-365	k06987785
Bloomberg	EO	366	2013-EO-366	cr56n1231
Bloomberg	EO	367	2013-EO-367	44558d595
Bloomberg	EO	368	2013-EO-368	7m01bk93v
Bloomberg	EO	369	2013-EO-369	mc87pq46k
Bloomberg	EO	370	2013-EO-370	2j62s512v
Bloomberg	EO	371	2013-EO-371	s7526c72m
Bloomberg	EO	372	2013-EO-372	w6634392c
Bloomberg	EO	373	2013-EO-373	t148fh37d
Bloomberg	EO	374	2013-EO-374	2r36tx76s
Bloomberg	EO	375	2013-EO-375	47429947m
Bloomberg	EO	376	2013-EO-376	2r36tx772
Bloomberg	EO	377	2013-EO-377	1r66j136b
Bloomberg	EO	378	2013-EO-378	np1939496
Bloomberg	EO	379	2013-EO-379	sn009z01q
Bloomberg	EO	380	2013-EO-380	4q77fr60h
Bloomberg	EO	381	2013-EO-381	1z40kt076
Bloomberg	EO	382	2013-EO-382	0z708w73x
Bloomberg	EO	383	2013-EO-383	6d56zw83b
Bloomberg	EO	384	2013-EO-384	9019s269z
Bloomberg	EO	385	2013-EO-385	f7623c823
Bloomberg	EO	386	2013-EO-386	g732d927w
Bloomberg	EO	387	2013-EO-387	47429948w
Bloomberg	EO	388	2013-EO-388	41687h79d
Bloomberg	EO	389	2013-EO-389	8623hz095
Bloomberg	EO	390	2013-EO-390	b2773v944
Bloomberg	EO	391	2013-EO-391	hq37vn837
Bloomberg	EO	392	2013-EO-392	q237hs153
Bloomberg	EO	393	2013-EO-393	tb09j587d
Bloomberg	EO	394	2013-EO-394	6d56zw84m
Bloomberg	EO	395	2013-EO-395	c247ds34j
Bloomberg	EO	396	2013-EO-396	0z708w746
Bloomberg	EO	397	2013-EO-397	br86b387q
Bloomberg	EO	398	2013-EO-398	hh63sw18c
Bloomberg	EO	399	2013-EO-399	4t64gn36p
Bloomberg	EO	400	2013-EO-400	cv43nx080
Bloomberg	EO	401	2013-EO-401	x633f127x
Bloomberg	EO	402	2013-EO-402	0p096723d
Bloomberg	EO	403	2013-EO-403	0r967405p
Bloomberg	EO	404	2013-EO-404	kw52j8377
Bloomberg	EO	405	2013-EO-405	qr46r101r
Bloomberg	EO	406	2013-EO-406	fn106z184
Bloomberg	EO	407	2013-EO-407	0c483j74w
Bloomberg	EO	408	2013-EO-408	70795800q
Bloomberg	EO	409	2013-EO-409	zc77sq37c
Bloomberg	EO	410	2013-EO-410	6m311p60n
Bloomberg	EO	411	2013-EO-411	z029p5015
Bloomberg	EO	412	2013-EO-412	4t64gn37z
Bloomberg	EO	413	2013-EO-413	ns0646310
Bloomberg	EO	414	2013-EO-414	gh93gz711
Bloomberg	EO	415	2013-EO-415	dn39x183w
Bloomberg	EO	416	2013-EO-416	bk128b23n
Bloomberg	EO	417	2013-EO-417	2b88qc423
Bloomberg	EO	418	2013-EO-418	xp68kg37h
Bloomberg	EO	419	2013-EO-419	1j92g7740
Bloomberg	EO	420	2013-EO-420	9s1616431
Bloomberg	EO	421	2013-EO-421	k930bx323
Bloomberg	EO	422	2013-EO-422	rb68xc11m
Bloomberg	EO	423	2013-EO-423	cf95jb65j
Bloomberg	EO	424	2013-EO-424	m039k667q
Bloomberg	EO	425	2013-EO-425	9w032336v
Bloomberg	EO	426	2013-EO-426	ww72bb78c
Bloomberg	EO	427	2013-EO-427	pr76f374d
Bloomberg	EO	428	2013-EO-428	dz010q277
Bloomberg	EO	429	2013-EO-429	nv9353138
Bloomberg	EO	430	2013-EO-430	zc77sq38n
Bloomberg	EO	431	2013-EO-431	j67314046
Bloomberg	EO	432	2013-EO-432	b2773v95d
Bloomberg	EO	433	2013-EO-433	g732d9285
Bloomberg	EO	434	2013-EO-434	9p290967c
Bloomberg	EO	435	2013-EO-435	qf85nb552
Bloomberg	EO	436	2013-EO-436	vx021f34p
Bloomberg	EO	437	2013-EO-437	kd17ct124
Bloomberg	EO	438	2013-EO-438	jq085k23s
Bloomberg	EO	439	2013-EO-439	vh53ww06b
Bloomberg	EO	440	2013-EO-440	hm50ts162
Bloomberg	EO	441	2013-EO-441	qv33rw93b
Bloomberg	EO	442	2013-EO-442	qv33rw94m
Bloomberg	EO	443	2013-EO-443	jq085k242
Bloomberg	EO	444	2013-EO-444	1v53jx24m
Bloomberg	EO	445	2013-EO-445	gm80hv64v
Bloomberg	EO	446	2013-EO-446	d791sg44w
Bloomberg	EO	447	2013-EO-447	2514nk812
Bloomberg	EO	448	2013-EO-448	qz20ss65d
Bloomberg	EO	449	2013-EO-449	xs55mc33n
Bloomberg	EO	450	2013-EO-450	7p88cg82t
Bloomberg	EO	451	2013-EO-451	05741r91s
Bloomberg	EO	452	2013-EO-452	6h440s71x
Bloomberg	EO	453	2013-EO-453	kk91fk85w
Bloomberg	EO	454	2013-EO-454	ns0646328
Bloomberg	EO	455	2013-EO-455	1544bp24s
Bloomberg	EO	456	2013-EO-456	3r074v16b
Bloomberg	EO	457	2013-EO-457	g732d929f
Bloomberg	EO	458	2013-EO-458	m900nt71f
Bloomberg	EO	459	2013-EO-459	4f16c310q
Bloomberg	EO	460	2013-EO-460	xd07gs95f
Bloomberg	EO	461	2013-EO-461	nz805z92s
Bloomberg	EO	462	2013-EO-462	nz805z932
Bloomberg	EO	463	2013-EO-463	3j333246g
Bloomberg	EO	464	2013-EO-464	bv73c067g
Bloomberg	EO	465	2013-EO-465	5m60qs215
Dinkins	EO	1	1990-EO-001	r781wg31k
Dinkins	EO	2	1990-EO-002	fn106z159
Dinkins	EO	3	1990-EO-003	5999n3570
Dinkins	EO	4	1990-EO-004	dn39x1781
Dinkins	EO	5	1990-EO-005	kk91fk78g
Dinkins	EO	6	1990-EO-006	dv13zt348
Dinkins	EO	7	1990-EO-007	tt44pn081
Dinkins	EO	8	1990-EO-008	x346d441h
Dinkins	EO	9	1990-EO-009	rx913q08r
Dinkins	EO	10	1990-EO-010	70795797m
Dinkins	EO	11	1990-EO-011	sf268528t
Dinkins	EO	12	1990-EO-012	j67314003
Dinkins	EO	13	1990-EO-013	h702q663d
Dinkins	EO	14	1990-EO-014	zw12z5549
Dinkins	EO	15	1990-EO-015	sf2685293
Dinkins	EO	16	1990-EO-016	rn301171q
Dinkins	EO	17	1990-EO-017	6969z1010
Dinkins	EO	18	1990-EO-018	n583xv19s
Dinkins	EO	19	1990-EO-019	gq67jr46f
Dinkins	EO	20	1990-EO-020	pk02c995f
Dinkins	EO	21	1990-EO-021	n870zr743
Dinkins	EO	22	1990-EO-022	7d278t181
Dinkins	EO	23	1991-EO-023	st74cr18m
Dinkins	EO	24	1991-EO-024	q524jp04t
Dinkins	EO	25	1991-EO-025	gf06g286m
Dinkins	EO	26	1991-EO-026	5138jf071
Dinkins	EO	27	1991-EO-027	6d56zw81s
Dinkins	EO	28	1991-EO-028	xg94hp76f
Dinkins	EO	29	1991-EO-029	bk128b20t
Dinkins	EO	30	1991-EO-030	41687h73r
Dinkins	EO	31	1991-EO-031	5m60qs13g
Dinkins	EO	32	1991-EO-032	dn39x1799
Dinkins	EO	33	1991-EO-033	k35694464
Dinkins	EO	34	1992-EO-034	9w0323306
Dinkins	EO	35	1992-EO-035	df65v817r
Dinkins	EO	36	1992-EO-036	9s1616385
Dinkins	EO	37	1992-EO-037	js956g03h
Dinkins	EO	38	1992-EO-038	9z903004s
Dinkins	EO	39	1992-EO-039	08612n72t
Dinkins	EO	40	1992-EO-040	g732d9242
Dinkins	EO	41	1992-EO-041	cz30ps96n
Dinkins	EO	42	1992-EO-042	cr56n1206
Dinkins	EO	43	1992-EO-043	pr76f371k
Dinkins	EO	44	1992-EO-044	ht24wj75s
Dinkins	EO	45	1992-EO-045	h415p968j
Dinkins	EO	46	1992-EO-046	ft848q85h
Dinkins	EO	47	1993-EO-047	8623hz06b
Dinkins	EO	48	1993-EO-048	p8418n42m
Dinkins	EO	49	1993-EO-049	np193944t
Dinkins	EO	50	1993-EO-050	p8418n43w
Dinkins	EO	51	1993-EO-051	c534fp174
Dinkins	EO	52	1993-EO-052	5h73pw21x
Dinkins	EO	53	1993-EO-053	ff365544f
Dinkins	EO	54	1993-EO-054	9z9030052
Dinkins	EO	55	1993-EO-055	q811kj88w
Dinkins	EO	56	1993-EO-056	r494vk41k
Dinkins	EO	57	1993-EO-057	qn59q415v
Dinkins	EO	58	1993-EO-058	ht24wj762
Dinkins	EO	59	1993-EO-059	cv43nx03m
Dinkins	EO	60	1993-EO-060	xg94hp77q
Dinkins	EO	61	1993-EO-061	j38607189
Dinkins	EO	62	1993-EO-062	r207tp55q
Dinkins	EO	63	1993-EO-063	c534fp18d
Giuliani	EO	1	1994-EO-001	sn009x98m
Giuliani	EO	2	1994-EO-002	f1881m167
Giuliani	EO	3	1994-EO-003	cf95jb605
Giuliani	EO	4	1994-EO-004	sx61dm61x
Giuliani	EO	5	1994-EO-005	9c67wn09j
Giuliani	EO	6	1994-EO-006	9g54xh92t
Giuliani	EO	7	1994-EO-007	sx61dm626
Giuliani	EO	8	1994-EO-008	2f75r833c
Giuliani	EO	9	1994-EO-009	d504rm02c
Giuliani	EO	10	1994-EO-010	hh63sw16t
Giuliani	EO	11	1994-EO-011	6m311p562
Giuliani	EO	12	1994-EO-012	0k225b25f
Giuliani	EO	13	1994-EO-013	7d278t199
Giuliani	EO	14	1994-EO-014	9s161639f
Giuliani	EO	15	1994-EO-015	s1784k970
Giuliani	EO	16	1994-EO-016	js956g052
Giuliani	EO	17	1995-EO-017	cc08hf749
Giuliani	EO	18	1995-EO-018	x920fw966
Giuliani	EO	19	1995-EO-019	xd07gs91b
Giuliani	EO	20	1995-EO-020	v405s974f
Giuliani	EO	21	1995-EO-021	5h73pw226
Giuliani	EO	22	1995-EO-022	fx719m615
Giuliani	EO	23	1995-EO-023	0v838082t
Giuliani	EO	24	1995-EO-024	xp68kg35z
Giuliani	EO	25	1995-EO-025	0z708w69b
Giuliani	EO	26	1996-EO-026	4x51hj71h
Giuliani	EO	27	1996-EO-027	g158bh506
Giuliani	EO	28	1996-EO-028	6682x424s
Giuliani	EO	29	1996-EO-029	7d278t202
Giuliani	EO	30	1996-EO-030	dz010q25p
Giuliani	EO	31	1996-EO-031	h989r338j
Giuliani	EO	32	1996-EO-032	9k41zd77z
Giuliani	EO	33	1996-EO-033	t722h905m
Giuliani	EO	34	1996-EO-034	h128nf03p
Giuliani	EO	35	1997-EO-035	wp988k120
Giuliani	EO	36	1997-EO-036	5425k999s
Giuliani	EO	37	1997-EO-037	6682x4252
Giuliani	EO	38	1997-EO-038	f1881m17h
Giuliani	EO	39	1997-EO-039	rj430467w
Giuliani	EO	40	1997-EO-040	k930bx29s
Giuliani	EO	41	1998-EO-041	5q47rp02g
Giuliani	EO	42	1998-EO-042	3n203z33g
Giuliani	EO	43	1998-EO-043	7d278t21b
Giuliani	EO	44	1998-EO-044	g158bh51g
Giuliani	EO	45	1998-EO-045	hm50ts10d
Giuliani	EO	46	1999-EO-046	5m60qs703
Giuliani	EO	47	1999-EO-047	ms35t886k
Giuliani	EO	48	2000-EO-048	zs25x875t
Giuliani	EO	49	2000-EO-049	8w32r5773
Giuliani	EO	50	2000-EO-050	8049g5346
Giuliani	EO	51	2001-EO-051	76537160f
Giuliani	EO	52	2001-EO-052	xs55mc292
Giuliani	EO	53	2001-EO-053	7m01bk919
Koch	EO	1	1978-EO-001	z890rt54h
Koch	EO	2	1978-EO-002	3197xm22g
Koch	EO	3	1978-EO-003	z890rt55s
Koch	EO	4	1978-EO-004	6h440s64h
Koch	EO	5	1978-EO-005	zw12z5531
Koch	EO	6	1978-EO-006	79407x401
Koch	EO	7	1978-EO-007	mg74qm32g
Koch	EO	8	1978-EO-008	5m60qs11x
Koch	EO	10	1978-EO-010	gb19f595b
Koch	EO	11	1978-EO-011	b2773v880
Koch	EO	12	1978-EO-012	vh53ww03h
Koch	EO	13	1978-EO-013	js956g01z
Koch	EO	14	1978-EO-014	6682x421z
Koch	EO	15	1978-EO-015	c534fp15k
Koch	EO	16	1978-EO-016	k06987742
Koch	EO	17	1978-EO-017	6h440s65s
Koch	EO	18	1978-EO-018	rb68xc046
Koch	EO	19	1978-EO-019	2f75r831t
Koch	EO	20	1978-EO-020	vm40xr77b
Koch	EO	21	1978-EO-021	jm214p33h
Koch	EO	22	1978-EO-022	qf85nb50p
Koch	EO	23	1978-EO-023	wh246s36v
Koch	EO	24	1978-EO-024	gx41mj13c
Koch	EO	25	1978-EO-025	j6731399j
Koch	EO	26	1978-EO-026	z603qx638
Koch	EO	27	1979-EO-027	rr171x488
Koch	EO	28	1979-EO-028	qb98mf76k
Koch	EO	29	1979-EO-029	qb98mf77v
Koch	EO	30	1979-EO-030	sj1392193
Koch	EO	31	1979-EO-031	8p58pd11q
Koch	EO	32	1979-EO-032	t148fh35v
Koch	EO	33	1979-EO-033	0r967396x
Koch	EO	34	1979-EO-034	6969z100q
Koch	EO	35	1979-EO-035	8p58pd715
Koch	EO	36	1979-EO-036	cr56n117w
Koch	EO	37	1979-EO-037	j098zb29f
Koch	EO	38	1979-EO-038	1n79h4495
Koch	EO	39	1979-EO-039	h128nf02d
Koch	EO	40	1979-EO-040	2801pg59s
Koch	EO	41	1980-EO-041	d791sg43m
Koch	EO	42	1980-EO-042	2f75r8323
Koch	EO	43	1980-EO-043	wd375w54j
Koch	EO	44	1980-EO-044	gb19f596m
Koch	EO	45	1980-EO-045	9880vr23v
Koch	EO	46	1980-EO-046	sf2685268
Koch	EO	47	1980-EO-047	3n203z31x
Koch	EO	48	1980-EO-048	k930bx277
Koch	EO	49	1980-EO-049	vx021f28j
Koch	EO	50	1980-EO-050	dz010q234
Koch	EO	51	1980-EO-051	0z708w67s
Koch	EO	52	1980-EO-052	hm50ts08c
Koch	EO	53	1980-EO-053	cc08hf72r
Koch	EO	54	1980-EO-054	n009w2632
Koch	EO	55	1980-EO-055	vd66w0114
Koch	EO	56	1981-EO-056	qv33rw89r
Koch	EO	57	1981-EO-057	5q47rn983
Koch	EO	58	1981-EO-058	fx719m60w
Koch	EO	59	1981-EO-059	5712m673w
Koch	EO	60	1981-EO-060	ft848q847
Koch	EO	61	1981-EO-061	m900nt659
Koch	EO	62	1981-EO-062	rj430465b
Koch	EO	63	1982-EO-063	47429938n
Koch	EO	64	1982-EO-064	12579s484
Koch	EO	65	1982-EO-065	bz60cw579
Koch	EO	66	1982-EO-066	x346d439g
Koch	EO	67	1983-EO-067	7s75dc601
Koch	EO	68	1983-EO-068	ns064625v
Koch	EO	69	1983-EO-069	z890rt562
Koch	EO	70	1983-EO-070	4j03cz89r
Koch	EO	71	1984-EO-071	47429939x
Koch	EO	72	1984-EO-072	02870w14n
Koch	EO	73	1984-EO-073	1v53jx19r
Koch	EO	74	1984-EO-074	v405s972w
Koch	EO	75	1984-EO-075	2801pg61t
Koch	EO	76	1984-EO-076	kk91fk776
Koch	EO	77	1984-EO-077	s7526c66g
Koch	EO	78	1984-EO-078	n870zr08h
Koch	EO	79	1984-EO-079	v979v336r
Koch	EO	80	1984-EO-080	q524jp03j
Koch	EO	81	1985-EO-081	m326m190b
Koch	EO	82	1985-EO-082	1544bp19x
Koch	EO	83	1985-EO-083	w95050724
Koch	EO	84	1985-EO-084	x346d4407
Koch	EO	85	1985-EO-085	np1939428
Koch	EO	86	1985-EO-086	05741r876
Koch	EO	87	1985-EO-087	g445cd46v
Koch	EO	88	1986-EO-088	ng451h73h
Koch	EO	89	1986-EO-089	0r9673976
Koch	EO	90	1986-EO-090	2j62s5070
Koch	EO	91	1986-EO-091	qz20ss62k
Koch	EO	92	1986-EO-092	8623hz052
Koch	EO	93	1986-EO-093	1831ck18w
Koch	EO	94	1986-EO-094	g732d923s
Koch	EO	95	1986-EO-095	cz30ps95c
Koch	EO	96	1986-EO-096	kd17ct060
Koch	EO	97	1986-EO-097	cc08hf731
Koch	EO	98	1986-EO-098	tq57nr31k
Koch	EO	99	1986-EO-099	cn69m4349
Koch	EO	100	1986-EO-100	8c97kq60n
Koch	EO	101	1986-EO-101	n870zr09s
Koch	EO	102	1986-EO-102	dz010q24d
Koch	EO	103	1986-EO-103	sx61dm59w
Koch	EO	104	1986-EO-104	tt44pn07r
Koch	EO	105	1986-EO-105	jd472w67v
Koch	EO	106	1986-EO-106	p2676v79s
Koch	EO	107	1986-EO-107	fb494855q
Koch	EO	108	1986-EO-108	7p88cg79h
Koch	EO	109	1987-EO-109	jd472w684
Koch	EO	110	1987-EO-110	r494vk409
Koch	EO	111	1987-EO-111	12579s49d
Koch	EO	112	1987-EO-112	1r66j1352
Koch	EO	113	1988-EO-113	3n203z326
Koch	EO	114	1988-EO-114	gh93gz68q
Koch	EO	115	1988-EO-115	70795796b
Koch	EO	116	1988-EO-116	n870zr10j
Koch	EO	117	1988-EO-117	v405s9735
Koch	EO	118	1988-EO-118	hx11xf505
Koch	EO	119	1989-EO-119	76537158d
Koch	EO	120	1989-EO-120	d504rk602
Koch	EO	121	1989-EO-121	vx021f30k
Koch	EO	122	1989-EO-122	0r967398g
Koch	EO	123	1989-EO-123	rj430466m
Koch	EO	124	1989-EO-124	hq37vn79n
Koch	EO	125	1989-EO-125	pg15bf103
Mamdani	EO	1	2026-EO-001	cr56n626w
Mamdani	EO	2	2026-EO-002	g158bp397
Mamdani	EO	3	2026-EO-003	jd473250w
Mamdani	EO	4	2026-EO-004	hh63t201d
Mamdani	EO	5	2026-EO-005	bn999d00v
Mamdani	EO	6	2026-EO-006	j9602561w
Mamdani	EO	7	2026-EO-007	vm40xx92g
Mamdani	EO	8	2026-EO-008	9p290g443
Mamdani	EO	9	2026-EO-009	6q182r011
Mamdani	EO	10	2026-EO-010	ns064c23b
Mamdani	EO	11	2026-EO-011	6q182r029
Mamdani	EO	12	2026-EO-012	kh04dw07j
Mamdani	EO	13	2026-EO-013	3t945w926
Mamdani	EO	14	2026-EO-014	x920g2890
Mamdani	EO	16	2026-EO-016	8k71np44s
Mamdani	EEO	1	2026-EEO-1	x633f585n
Mamdani	EEO	2	2026-EEO-2	w0892g94g
Mamdani	EEO	3	2026-EEO-3	v692tc69t
Mamdani	EEO	1.10	2026-EEO-1.10	zs25xf810
Mamdani	EEO	1.11	2026-EEO-1.11	gt54kt06r
Mamdani	EEO	1.12	2026-EEO-1.12	7w62ff545
Mamdani	EEO	1.13	2026-EEO-1.13	th83m4728
Mamdani	EEO	1.14	2026-EEO-1.14	79408332j
Mamdani	EEO	1.15	2026-EEO-1.15	zg64ts107
Mamdani	EEO	1.16	2026-EEO-1.16	pn89dc66h
Mamdani	EEO	1.17	2026-EEO-1.17	3x816s83g
Mamdani	EEO	1.18	2026-EEO-1.18	1g05fh73j
Mamdani	EEO	1.19	2026-EEO-1.19	j6731902p
Mamdani	EEO	1.2	2026-EEO-1.2	9w032835m
Mamdani	EEO	1.20	2026-EEO-1.20	7w62ff77g
Mamdani	EEO	1.21	2026-EEO-1.21	nc580s84t
Mamdani	EEO	1.23	2026-EEO-1.23	tq57nx65f
Mamdani	EEO	1.24	2026-EEO-1.24	k0698d786
Mamdani	EEO	1.25	2026-EEO-1.25	pg15bm34q
Mamdani	EEO	1.26	2026-EEO-1.26	2f75rf78r
Mamdani	EEO	1.27	2026-EEO-1.27	s1784s68s
Mamdani	EEO	1.28	2026-EEO-1.28	sn00b4450
Mamdani	EEO	1.29	2026-EEO-1.29	3j3337236
Mamdani	EEO	1.3	2026-EEO-1.3	v979v810n
Mamdani	EEO	1.30	2026-EEO-1.30	x059cd86n
Mamdani	EEO	1.31	2026-EEO-1.31	n870zx57g
Mamdani	EEO	1.33	2026-EEO-1.33	5425kh81k
Mamdani	EEO	1.34	2026-EEO-1.34	th83m541g
Mamdani	EEO	1.35	2026-EEO-1.35	0g354n04p
Mamdani	EEO	1.36	2026-EEO-1.36	w0892h771
Mamdani	EEO	1.37	2026-EEO-1.37	c534fv77m
Mamdani	EEO	1.4	2026-EEO-1.4	dn39x700c
Mamdani	EEO	1.5	2026-EEO-1.5	9019s799q
Mamdani	EEO	1.7	2026-EEO-1.7	vd66w5514
Mamdani	EEO	1.8	2026-EEO-1.8	sx61ds342
Mamdani	EEO	2.1	2026-EEO-2.1	q237hx629
Mamdani	EEO	2.10	2026-EEO-2.10	g445ck55v
Mamdani	EEO	2.11	2026-EEO-2.11	3197xs41q
Mamdani	EEO	2.12	2026-EEO-2.12	j3860d07t
Mamdani	EEO	2.13	2026-EEO-2.13	s1784s33p
Mamdani	EEO	2.14	2026-EEO-2.14	pn89dc436
Mamdani	EEO	2.17	2026-EEO-2.17	1g05fh728
Mamdani	EEO	2.18	2026-EEO-2.18	sx61ds520
Mamdani	EEO	2.19	2026-EEO-2.19	79408354k
Mamdani	EEO	2.2	2026-EEO-2.2	vq27zt67n
Mamdani	EEO	2.21	2026-EEO-2.21	bg257m14g
Mamdani	EEO	2.22	2026-EEO-2.22	2z10ww58c
Mamdani	EEO	2.23	2026-EEO-2.23	qf85nh69f
Mamdani	EEO	2.24	2026-EEO-2.24	8k71np48w
Mamdani	EEO	2.25	2026-EEO-2.25	d504rs43n
Mamdani	EEO	2.26	2026-EEO-2.26	sn00b4468
Mamdani	EEO	2.28	2026-EEO-2.28	6682x886m
Mamdani	EEO	2.29	2026-EEO-2.29	pn89dc835
Mamdani	EEO	2.3	2026-EEO-2.3	n583z076d
Mamdani	EEO	2.30	2026-EEO-2.30	7h149w43n
Mamdani	EEO	2.31	2026-EEO-2.31	6108vh84t
Mamdani	EEO	2.32	2026-EEO-2.32	0z709287g
Mamdani	EEO	2.33	2026-EEO-2.33	5x21tm873
Mamdani	EEO	2.34	2026-EEO-2.34	2b88qj96f
Mamdani	EEO	2.35	2026-EEO-2.35	dj52wb22w
Mamdani	EEO	2.37	2026-EEO-2.37	xs55mk18s
Mamdani	EEO	2.4	2026-EEO-2.4	n296x421s
Mamdani	EEO	2.5	2026-EEO-2.5	5q47rv131
Mamdani	EEO	2.7	2026-EEO-2.7	wd376247b
Mamdani	EEO	2.8	2026-EEO-2.8	qb98mm318
de Blasio	EO	1	2014-EO-001	9s161935z
de Blasio	EO	2	2014-EO-002	12579w97p
de Blasio	EO	3	2014-EO-003	1j92gb73b
de Blasio	EO	4	2014-EO-004	j6731721g
de Blasio	EO	5	2014-EO-005	4f16c6381
de Blasio	EO	6	2014-EO-006	1n79h758r
de Blasio	EO	7	2014-EO-007	g732dd54d
de Blasio	EO	8	2014-EO-008	9w032651k
de Blasio	EO	9	2015-EO-009	sq87bx90h
de Blasio	EO	10	2015-EO-010	k930c129k
de Blasio	EO	11	2015-EO-011	47429f25d
de Blasio	EO	12	2015-EO-012	k3569759t
de Blasio	EO	13	2015-EO-013	nk322h71t
de Blasio	EO	14	2016-EO-014	5425kf38w
de Blasio	EO	15	2016-EO-015	1c18dj699
de Blasio	EO	16	2016-EO-016	vh53x047c
de Blasio	EO	17	2016-EO-017	r781wk30x
de Blasio	EO	18	2016-EO-018	cn69m755p
de Blasio	EO	19	2016-EO-019	9306t231w
de Blasio	EO	20	2016-EO-020	0p096b231
de Blasio	EO	21	2016-EO-021	0r9677237
de Blasio	EO	22	2016-EO-022	jh343w680
de Blasio	EO	24	2016-EO-024	3484zm590
de Blasio	EO	26	2017-EO-026	8623j231g
de Blasio	EO	27	2017-EO-027	z890rx96n
de Blasio	EO	28	2017-EO-028	h128nj25b
de Blasio	EO	32	2018-EO-032	w3763b60p
de Blasio	EO	34	2018-EO-034	qv33s100b
de Blasio	EO	35	2018-EO-035	x920g105r
de Blasio	EO	36	2018-EO-036	bg257g408,f4752k78w
de Blasio	EO	39	2019-EO-039	gm80hz636
de Blasio	EO	40	2019-EO-040	s4655g63d,r494vp883
de Blasio	EO	41	2019-EO-041	1z40kx571,ww72bb527
de Blasio	EO	42	2019-EO-042	6d56zx942,g732dd59s
de Blasio	EO	43	2019-EO-043	r207ts720,sf268655x
de Blasio	EO	44	2019-EO-044	3t945s103,76537484n
de Blasio	EO	45	2019-EO-045	j3860b17n,0r9675218
de Blasio	EO	47	2019-EO-047	3b591d20p
de Blasio	EO	49	2019-EO-049	000003335,j098zc736
de Blasio	EO	50	2019-EO-050	w0892c512,np193d66g
de Blasio	EO	51	2020-EO-051	6h440v04g,tb09j901n
de Blasio	EO	52	2020-EO-052	3r074z05f
de Blasio	EO	53	2020-EO-053	1544bs366
de Blasio	EO	54	2020-EO-054	v405sf064
de Blasio	EO	55	2020-EO-055	qb98mj75x
de Blasio	EO	57	2020-EO-057	j6731544c,cn69m756z
de Blasio	EO	58	2020-EO-058	8s45qb646,d504rq063
de Blasio	EO	59	2020-EO-059	ws859h56h,0v8384226
de Blasio	EO	60	2020-EO-060	bv73c393q
de Blasio	EO	62	2021-EO-062	9019s600v
de Blasio	EO	63	2021-EO-063	cn69m7577
de Blasio	EO	64	2021-EO-064	v118rg52k,8w32r886p
de Blasio	EO	65	2021-EO-065	c534fr08k,ms35td056
de Blasio	EO	66	2021-EO-066	9g54xn21p
de Blasio	EO	67	2021-EO-067	qj72p920m,jd4731039
de Blasio	EO	70	2021-EO-070	8w32r887z,6m311r556
de Blasio	EO	71	2021-EO-071	jm214r41m,5q47rs36x
de Blasio	EO	72	2021-EO-072	3j333420r,6395wb67z
de Blasio	EO	73	2021-EO-073	1r66j4776
de Blasio	EO	74	2021-EO-074	jw827d94d,4t64gr68k
de Blasio	EO	75	2021-EO-075	3f462899w,41687k956
de Blasio	EO	76	2021-EO-076	g445cg646,sf268862r
de Blasio	EO	77	2021-EO-077	j3860b20z,44558g792
de Blasio	EO	78	2021-EO-078	nk322h75x,9z903195f
de Blasio	EO	79	2021-EO-079	5138jh13k,k930c1335
de Blasio	EO	81	2021-EO-081	794081570,np193c70v
de Blasio	EO	83	2021-EO-083	4f16c642m
de Blasio	EO	84	2021-EO-084	jm214s65d
de Blasio	EO	85	2021-EO-085	6t053k555
de Blasio	EO	89	2021-EO-089	f4752k80x
de Blasio	EO	90	2021-EO-090	tm70mz47k
de Blasio	EO	91	2021-EO-091	v118rj06w
de Blasio	EEO	1	2014-EEO-1	0c483p02g
de Blasio	EEO	2	2014-EEO-2	3t945v122
de Blasio	EEO	3	2014-EEO-3	mp48sh48r
de Blasio	EEO	4	2014-EEO-4	2514np60x
de Blasio	EEO	5	2014-EEO-5	wd3760817
de Blasio	EEO	6	2014-EEO-6	5m60qw46n
de Blasio	EEO	7	2014-EEO-7	td96k603d
de Blasio	EEO	8	2014-EEO-8	7w62fc78b
de Blasio	EEO	9	2014-EEO-9	0p096b28d
de Blasio	EEO	10	2014-EEO-10	gm80hz65r
de Blasio	EEO	11	2014-EEO-11	8p58ph65n
de Blasio	EEO	13	2014-EEO-13	vm40xw201
de Blasio	EEO	14	2014-EEO-14	4t64gr69v
de Blasio	EEO	16	2014-EEO-16	qz20sw68v
de Blasio	EEO	17	2014-EEO-17	8w32r8887
de Blasio	EEO	19	2014-EEO-19	cf95jg03c
de Blasio	EEO	20	2014-EEO-20	9593tz351
de Blasio	EEO	22	2014-EEO-22	5q47rs38g
de Blasio	EEO	23	2014-EEO-23	xp68kk75j
de Blasio	EEO	25	2014-EEO-25	47429f32t
de Blasio	EEO	26	2014-EEO-26	6969z450j
de Blasio	EEO	28	2014-EEO-28	rb68xg52g,6m311s811
de Blasio	EEO	29	2014-EEO-29	2j62s8230
de Blasio	EEO	30	2014-EEO-30	1n79h7698
de Blasio	EEO	31	2014-EEO-31	v692t9748
de Blasio	EEO	32	2014-EEO-32	41687m93v
de Blasio	EEO	33	2014-EEO-33	pg15bj22h
de Blasio	EEO	34	2014-EEO-34	gt54kr426
de Blasio	EEO	35	2014-EEO-35	2227mt152
de Blasio	EEO	36	2014-EEO-36	zg64tq31k
de Blasio	EEO	37	2014-EEO-37	qj72pb409
de Blasio	EEO	38	2014-EEO-38	nk322h766
de Blasio	EEO	40	2014-EEO-40	bk128f42g
de Blasio	EEO	41	2014-EEO-41	r781wk36k
de Blasio	EEO	42	2014-EEO-42	ws859k11k
de Blasio	EEO	43	2014-EEO-43	5d86p3630
de Blasio	EEO	44	2014-EEO-44	37720h35s
de Blasio	EEO	46	2014-EEO-46	bv73c3940
de Blasio	EEO	47	2014-EEO-47	t148fm613
de Blasio	EEO	48	2014-EEO-48	qv33s1035
de Blasio	EEO	49	2014-EEO-49	vm40xw219
de Blasio	EEO	50	2014-EEO-50	xw42nc263
de Blasio	EEO	52	2014-EEO-52	m039k838p
de Blasio	EEO	53	2014-EEO-53	nv935621k
de Blasio	EEO	55	2014-EEO-55	v405sf07d
de Blasio	EEO	58	2014-EEO-58	3n204248w
de Blasio	EEO	59	2014-EEO-59	bk128f43r
de Blasio	EEO	61	2014-EEO-61	js956k298
de Blasio	EEO	62	2014-EEO-62	w3763b64s
de Blasio	EEO	64	2014-EEO-64	xg94hs869
de Blasio	EEO	65	2014-EEO-65	m613n2075
de Blasio	EEO	66	2014-EEO-66	k930c134f
de Blasio	EEO	67	2014-EEO-67	vx021j78c
de Blasio	EEO	68	2014-EEO-68	n296x2581
de Blasio	EEO	70	2014-EEO-70	pg15bj23s
de Blasio	EEO	71	2014-EEO-71	cf95jg04n
de Blasio	EEO	73	2014-EEO-73	bz60d098b
de Blasio	EEO	74	2014-EEO-74	p2676z79d
de Blasio	EEO	75	2014-EEO-75	05741w08c
de Blasio	EEO	76	2014-EEO-76	2r36v2284
de Blasio	EEO	77	2014-EEO-77	0c483p03r
de Blasio	EEO	78	2014-EEO-78	qj72pb42v
de Blasio	EEO	79	2014-EEO-79	t435gh581
de Blasio	EEO	80	2014-EEO-80	zs25xd024
de Blasio	EEO	82	2014-EEO-82	4b29b965p
de Blasio	EEO	83	2014-EEO-83	ft848v06p
de Blasio	EEO	85	2014-EEO-85	v692t9773
de Blasio	EEO	86	2014-EEO-86	3x816q964
de Blasio	EEO	87	2015-EEO-87	js956k32k
de Blasio	EEO	88	2015-EEO-88	b2774022w
de Blasio	EEO	89	2016-EEO-89	5q47rs40h
de Blasio	EEO	90	2016-EEO-90	zg64tq34d
de Blasio	EEO	91	2016-EEO-91	vt150n67m
de Blasio	EEO	92	2017-EEO-92	n583xz141
de Blasio	EEO	97	2019-EEO-97	47429f34c,3484zj59k
de Blasio	EEO	98	2020-EEO-98	gm80hz69v,rf55z931j
de Blasio	EEO	99	2020-EEO-99	kh04dt37v
de Blasio	EEO	100	2020-EEO-100	4f16c645f,k643b308c
de Blasio	EEO	101	2020-EEO-101	r207tq787,41687m95d
de Blasio	EEO	102	2020-EEO-102	bc386n67v,pv63g192s
de Blasio	EEO	103	2020-EEO-103	zw12z906g,2f75r968p
de Blasio	EEO	104	2020-EEO-104	9z903306z,pz50gx667
de Blasio	EEO	105	2020-EEO-105	c247dw302,cj82k902x
de Blasio	EEO	106	2020-EEO-106	d791sk348,xs55md88f
de Blasio	EEO	107	2020-EEO-107	qz20sw694,1g05fd22f
de Blasio	EEO	108	2020-EEO-108	7h149t32q,8g84mp04z
de Blasio	EEO	109	2020-EEO-109	5d86p368c,cn69m5779
de Blasio	EEO	110	2020-EEO-110	js956k33v,v118rg02c
de Blasio	EEO	111	2020-EEO-111	c247dt51d,0v8384269
de Blasio	EEO	112	2020-EEO-112	pg15bj25b,ws859h468
de Blasio	EEO	113	2020-EEO-113	7m01bq451,v118rg12m
de Blasio	EEO	114	2020-EEO-114	hm50tw66w,d504rm986
de Blasio	EEO	115	2020-EEO-115	x059c879d,rr1721635
de Blasio	EEO	116	2020-EEO-116	8623j047z,ww72bf908
de Blasio	EEO	117	2020-EEO-117	9p290c29c,v979v652r
de Blasio	EEO	118	2020-EEO-118	fn107064m,5x21tj64c
de Blasio	EEO	119	2020-EEO-119	h128ng46p,rf55zc085
de Blasio	EEO	120	2020-EEO-120	r781wh66w,5d86p369n
de Blasio	EEO	121	2020-EEO-121	bc386m04c,ng451n02c
de Blasio	EEO	122	2020-EEO-122	rb68xd66d,tm70mz50w
de Blasio	EEO	123	2020-EEO-123	7d278v810,f1881q34s
de Blasio	EEO	124	2020-EEO-124	zk51vj436,tt44pr45s
de Blasio	EEO	125	2020-EEO-125	3197xn92c,rj4307802
de Blasio	EEO	126	2020-EEO-126	zp38wf458,736668309
de Blasio	EEO	127	2020-EEO-127	8049g693k,bv73c397t
de Blasio	EEO	128	2020-EEO-128	w9505245n,2801pm12q
de Blasio	EEO	129	2020-EEO-129	tx31qk46w,t148fm64x
de Blasio	EEO	130	2020-EEO-130	9c67wp742,9w032660j
de Blasio	EEO	131	2020-EEO-131	9g54xk39q,gq67jv60w
de Blasio	EEO	132	2020-EEO-132	ht24wm357,6682x7102
de Blasio	EEO	133	2020-EEO-133	47429c225,p5547v54s
de Blasio	EEO	134	2020-EEO-134	s4655k92g,1j92g9203
de Blasio	EEO	135	2020-EEO-135	m326m3555,sb397d21g
de Blasio	EEO	136	2020-EEO-136	jw827g07g,ft848s47h
de Blasio	EEO	137	2020-EEO-137	8c97ks38j,7s75dg70w
de Blasio	EEO	138	2020-EEO-138	fb494b10s,6w924g25n
de Blasio	EEO	139	2020-EEO-139	qj72p8857,fj236564s
de Blasio	EEO	140	2020-EEO-140	x059cb50v,9p290c479
de Blasio	EEO	141	2020-EEO-141	wd376086m,m613n042b
de Blasio	EEO	142	2020-EEO-142	9306t2325,f1881n76w
de Blasio	EEO	143	2020-EEO-143	37720h362,vd66w202k
de Blasio	EEO	144	2020-EEO-144	z890rz001,v405sc42k
de Blasio	EEO	145	2020-EEO-145	h415pd553,gf06g444h
de Blasio	EEO	146	2020-EEO-146	6682x711b,7d278v985
de Blasio	EEO	147	2020-EEO-147	cn69m602f,8049g877m
de Blasio	EEO	148	2020-EEO-148	fq977w54p,3b591d227
de Blasio	EEO	149	2020-EEO-149	jh343v11n,4t64gr725
de Blasio	EEO	150	2020-EEO-150	kh04dr721,4x51hn45h
de Blasio	EEO	151	2020-EEO-151	r207tr112,9019s603p
de Blasio	EEO	152	2020-EEO-152	bz60cz23w,jm214s69h
de Blasio	EEO	153	2020-EEO-153	vt150m23b,70795c24x
de Blasio	EEO	154	2020-EEO-154	pr76f521s,n296x261b
de Blasio	EEO	155	2020-EEO-155	g732db92d,pk02cf52g
de Blasio	EEO	156	2020-EEO-156	8p58pf93d,37720h37b
de Blasio	EEO	157	2020-EEO-157	dr26z0276,7d278x715
de Blasio	EEO	158	2020-EEO-158	v692t827p,4q77fw279
de Blasio	EEO	159	2020-EEO-159	r781wh896,6682x713w
de Blasio	EEO	160	2020-EEO-160	nz8061689,d791sk35j
de Blasio	EEO	161	2020-EEO-161	cr56n306s,bk128f459
de Blasio	EEO	162	2020-EEO-162	h989r524m,hd76s3684
de Blasio	EEO	163	2020-EEO-163	5138jg64v,d217qs930
de Blasio	EEO	164	2020-EEO-164	ws859h81v,6m311s829
de Blasio	EEO	165	2020-EEO-165	5t34sm55z,dv13zx70r
de Blasio	EEO	166	2020-EEO-166	000001979,05741w11p
de Blasio	EEO	167	2020-EEO-167	q237ht70c,gx41mn56s,47429f35n
de Blasio	EEO	168	2020-EEO-168	5999n508g,6h440x187
de Blasio	EEO	169	2020-EEO-169	mc87ps10m,k3569765z
de Blasio	EEO	170	2020-EEO-170	bg257g81h,9g54xn25s
de Blasio	EEO	171	2020-EEO-171	gq67jv62f,c534fr02x
de Blasio	EEO	172	2020-EEO-172	t148fk06t,2z10wt554
de Blasio	EEO	173	2021-EEO-173	m326m383b,jq085p68r
de Blasio	EEO	174	2021-EEO-174	2801pj49z,z603r1828
de Blasio	EEO	175	2021-EEO-175	qz20sv442,qj72pb434
de Blasio	EEO	176	2021-EEO-176	1z40kw08w,qj72pb44d
de Blasio	EEO	177	2021-EEO-177	cj82k940b,6969z451t
de Blasio	EEO	179	2021-EEO-179	t435gg08m,9306t234q
de Blasio	EEO	180	2021-EEO-180	z029p676f,1831cp266
de Blasio	EEO	181	2021-EEO-181	6h440v60t,wp988p46f,8c97ks62m
de Blasio	EEO	182	2021-EEO-182	4q77ft684,j9602409f
de Blasio	EEO	183	2021-EEO-183	vx021h32j,fx719q94b
de Blasio	EEO	184	2021-EEO-184	np193c39c,jh343w77z
de Blasio	EEO	185	2021-EEO-185	tm70mx25b,hh63t050x
de Blasio	EEO	186	2021-EEO-186	cf95jd52w,6h440x208
de Blasio	EEO	187	2021-EEO-187	zc77st62b,df65v988x
de Blasio	EEO	188	2021-EEO-188	pr76f681f,g445cg32x
de Blasio	EEO	189	2021-EEO-189	d791sj121,f4752k859
de Blasio	EEO	190	2021-EEO-190	vm40xt799,rj430785f
de Blasio	EEO	191	2021-EEO-191	6969z324q,9g54xn262
de Blasio	EEO	192	2021-EEO-192	6q182n30v,ff365899n
de Blasio	EEO	193	2021-EEO-193	g445cg379,h128nj32r
de Blasio	EEO	194	2021-EEO-194	cr56n337s,q524js08j
de Blasio	EEO	195	2021-EEO-195	fx719p47r,1z40kx62w
de Blasio	EEO	196	2021-EEO-196	v405sc690,8336h5296
de Blasio	EEO	197	2021-EEO-197	2801pj642,6682x7145
de Blasio	EEO	198	2021-EEO-198	1r66j341m,w0892f47w
de Blasio	EEO	199	2021-EEO-199	zg64tn83x,fq977z497
de Blasio	EEO	200	2021-EEO-200	cc08hj692,sb397b58q
de Blasio	EEO	201	2021-EEO-201	0p096b31q,1544br17s
de Blasio	EEO	202	2021-EEO-202	st74ct78g,tq57nt27d
de Blasio	EEO	203	2021-EEO-203	sq87bx97f,9g54xk89x
de Blasio	EEO	204	2021-EEO-204	5m60qw49g,1v53k0025
de Blasio	EEO	205	2021-EEO-205	8c97ks81t,m326m5132
de Blasio	EEO	206	2021-EEO-206	sf268866v,8g84mp73c
de Blasio	EEO	208	2021-EEO-208	gx41mn58b,7d278w38x
de Blasio	EEO	210	2021-EEO-210	pv63g3773,z890rw78h
de Blasio	EEO	212	2021-EEO-212	pr76f682q,mp48sg14q
de Blasio	EEO	214	2021-EEO-214	8s45qd37q,1g05fd75g
de Blasio	EEO	215	2021-EEO-215	cv43p132v,j9602279q
de Blasio	EEO	216	2021-EEO-216	8623j2420,rr172043g
de Blasio	EEO	218	2021-EEO-218	jw827g08r,p8418q35m
de Blasio	EEO	219	2021-EEO-219	gb19f9289,6t053j32n
de Blasio	EEO	220	2021-EEO-220	fj236566b,dr26z059g
de Blasio	EEO	221	2021-EEO-221	qf85nf887,m613n088z
de Blasio	EEO	222	2021-EEO-222	j6731600h,7s75dg72f
de Blasio	EEO	223	2021-EEO-223	r207ts78n,sj139440r
de Blasio	EEO	224	2021-EEO-224	d217qs948,gf06g4950
de Blasio	EEO	225	2021-EEO-225	37720g22h,cc08hj713
de Blasio	EEO	226	2021-EEO-226	tx31qm021,j098zf976
de Blasio	EEO	227	2021-EEO-227	rx913s19p,m039k840q
de Blasio	EEO	228	2021-EEO-228	12579v95x,4q77fw29v
de Blasio	EEO	229	2021-EEO-229	m613n210g,76537367s
de Blasio	EEO	230	2021-EEO-230	08612q76b,1c18dj76q
de Blasio	EEO	232	2021-EEO-232	g158bm998,fx719p69s
de Blasio	EEO	234	2021-EEO-234	tb09j909v,gm80hz71w,fn107133t
de Blasio	EEO	235	2021-EEO-235	3t945t05f,2227mt20x
de Blasio	EEO	236	2021-EEO-236	0v838312r,mc87pt57q
de Blasio	EEO	238	2021-EEO-238	6969z4523,ww72bd74p
de Blasio	EEO	239	2021-EEO-239	zc77st64w,tx31qm039
de Blasio	EEO	240	2021-EEO-240	sj1394411,8910jz091
de Blasio	EEO	241	2021-EEO-241	3n2041528,5x21tj68g
de Blasio	EEO	243	2021-EEO-243	cr56n3535,qr46r434x
de Blasio	EEO	245	2021-EEO-245	bk128d31r,r207ts80p
de Blasio	EEO	247	2021-EEO-247	mw22v8898,5999n5475
de Blasio	EEO	249	2021-EEO-249	4m90dz09n,9593tz394
de Blasio	EEO	250	2021-EEO-250	gf06g497j,cv43p134d
de Blasio	EEO	252	2021-EEO-252	qr46r322x,6m311s84v
de Blasio	EEO	259	2021-EEO-259	7h149t348,3484zk534
de Blasio	EEO	264	2021-EEO-264	5d86p371p,t435gg525
de Blasio	EEO	268	2021-EEO-268	1z40kx635,w6634602t
de Blasio	EEO	272	2021-EEO-272	0c483p084,tm70mx50p
de Blasio	EEO	275	2021-EEO-275	st74cs770,6w924g26x
de Blasio	EEO	278	2021-EEO-278	zg64tq36z,h702q878f
de Blasio	EEO	279	2021-EEO-279	gb19f929k,j38609165
de Blasio	EEO	280	2021-EEO-280	2514np659,2n49t4000
de Blasio	EEO	281	2021-EEO-281	cf95jd83w,0g354j62z
de Blasio	EEO	282	2021-EEO-282	4b29b969s,vx021h717
de Blasio	EEO	284	2021-EEO-284	1j92gb78q,sj139455c
de Blasio	EEO	285	2021-EEO-285	tm70mx527,gh93h3266
de Blasio	EEO	286	2021-EEO-286	1n79h773v,47429d078
de Blasio	EEO	287	2021-EEO-287	xd07gw87c,9880vt71x
de Blasio	EEO	288	2021-EEO-288	5712m8985,p2676z82q
de Blasio	EEO	289	2021-EEO-289	fx719p82b,pg15bj27w
de Blasio	EEO	290	2021-EEO-290	08612q87v,qv33s1078
de Blasio	EEO	291	2021-EEO-291	qv33s003z,qf85nf908
de Blasio	EEO	294	2021-EEO-294	fx719p83m,jq085p691
de Blasio	EEO	296	2021-EEO-296	pk02cf559,p5547t628
de Blasio	EEO	297	2021-EEO-297	1j92gb80r,tt44pq37w
de Blasio	EEO	298	2021-EEO-298	9g54xm16m,h989r6759
de Blasio	EEO	299	2021-EEO-299	pv63g2717,tb09j910m
de Blasio	EEO	300	2021-EEO-300	8910jx10k,r494vp92p
de Blasio	EEO	301	2021-EEO-301	vq27zq824,bc386n705
de Blasio	EEO	302	2021-EEO-302	6q182n65z,fx719q96w
de Blasio	EEO	303	2021-EEO-303	47429d09t,z316q5275
de Blasio	EEO	304	2021-EEO-304	n009w595z,c247dv314
de Blasio	EEO	305	2021-EEO-305	n009w5967,sf268758z
de Blasio	EEO	306	2021-EEO-306	1z40kx64f,nz806220b
de Blasio	EEO	308	2021-EEO-308	gq67jv66j,6t053j50k
de Blasio	EEO	309	2021-EEO-309	08612s05s,2227ms28x
de Blasio	EEO	310	2021-EEO-310	0k225f60n,sf2687597
de Blasio	EEO	311	2021-EEO-311	ng451n03n,z890rx02c
de Blasio	EEO	312	2021-EEO-312	jh343w808,g732dc457
de Blasio	EEO	313	2021-EEO-313	1831cn324,0v8384294
de Blasio	EEO	314	2021-EEO-314	hq37vr160,8s45qd380
de Blasio	EEO	315	2021-EEO-315	ws859j29t,rn301540j
de Blasio	EEO	316	2021-EEO-316	5x21th688,wp988p480
de Blasio	EEO	317	2021-EEO-317	tm70mx595,4b29b9723
de Blasio	EEO	318	2021-EEO-318	mg74qp709,r781wk41f
de Blasio	EEO	320	2021-EEO-320	0c483n010,zg64tq39s
de Blasio	EEO	321	2021-EEO-321	ht24wn15z,k3569767h
de Blasio	EEO	322	2021-EEO-322	cv43p0282,x633f461v
de Blasio	EEO	323	2021-EEO-323	m900nw899,j6731730f
de Blasio	EEO	324	2021-EEO-324	ws859j30k,wh246w887
de Blasio	EEO	325	2021-EEO-325	5425kd35v,7h149t35j
de Blasio	EEO	326	2021-EEO-326	05741v131,p5547v58w
de Blasio	EEO	327	2021-EEO-327	6m311s854,js956j267
de Blasio	EEO	330	2021-EEO-330	0z708z829,b5644w20d
de Blasio	EEO	331	2021-EEO-331	fx719q975,q237hv22x
de Blasio	EEO	332	2021-EEO-332	pr76f685j,4b29b865g
de Blasio	EEO	333	2021-EEO-333	st74ct79r,c534fr45q
de Blasio	EEO	334	2021-EEO-334	td96k605z,qn59q665g
